Age,Salary,Budget,category,,500
55,16,10000,resort,,1000
30,12,3000,cafe,,2000
33,13,1000,nature,,3000
60,15,2000,nature,,5000
55,29,500,resort,,10000
25,29,2000,art,,
61,6,1000,pub,,
30,15,10000,art,,
53,26,2000,cafe,,
46,25,500,art,,
21,4,10000,cafe,,
45,29,500,fine dining,,
36,21,10000,resort,,
59,7,10000,nature,,
65,6,3000,adventure,,
65,24,5000,art,,
63,22,500,cafe,,
18,1,500,fine dining,,
22,14,5000,nature,,
31,19,2000,cafe,,
47,15,10000,art,,
29,9,5000,cafe,,
25,13,500,cafe,,
51,29,3000,resort,,
30,13,1000,adventure,,
50,5,500,adventure,,
63,8,5000,pub,,
32,28,3000,nature,,
52,9,10000,nature,,
21,19,2000,adventure,,
46,8,2000,fine dining,,
30,5,500,art,,
24,21,3000,adventure,,
42,25,10000,pub,,
59,29,5000,pub,,
52,19,5000,fine dining,,
44,7,1000,art,,
60,10,1000,resort,,
60,10,2000,pub,,
64,11,500,fine dining,,
25,9,2000,nature,,
61,13,5000,cafe,,
43,12,500,pub,,
42,17,500,art,,
51,8,500,cafe,,
18,2,10000,adventure,,
56,19,2000,pub,,
30,18,1000,fine dining,,
64,13,2000,pub,,
31,28,5000,pub,,
58,7,10000,art,,
54,27,3000,fine dining,,
30,25,500,cafe,,
62,15,500,pub,,
38,30,1000,nature,,
58,25,2000,nature,,
29,8,3000,fine dining,,
33,5,2000,cafe,,
59,25,1000,art,,
20,29,2000,art,,
63,7,10000,pub,,
21,4,500,fine dining,,
29,15,1000,fine dining,,
24,25,3000,resort,,
36,30,500,cafe,,
35,13,1000,cafe,,
21,9,5000,fine dining,,
58,13,10000,cafe,,
18,2,3000,adventure,,
65,26,10000,resort,,
18,2,3000,resort,,
53,18,5000,resort,,
56,20,10000,fine dining,,
47,10,10000,fine dining,,
63,7,3000,pub,,
38,28,1000,cafe,,
28,23,500,nature,,
49,10,2000,cafe,,
53,26,2000,cafe,,
55,4,10000,art,,
34,29,3000,nature,,
29,16,1000,pub,,
18,2,500,nature,,
56,9,2000,resort,,
35,9,10000,cafe,,
64,4,2000,pub,,
33,28,2000,nature,,
34,28,3000,adventure,,
52,25,3000,fine dining,,
50,16,3000,resort,,
51,19,500,nature,,
62,10,1000,nature,,
34,16,1000,cafe,,
30,8,1000,fine dining,,
48,20,2000,nature,,
32,29,10000,resort,,
41,9,5000,fine dining,,
27,17,10000,pub,,
47,30,500,resort,,
63,6,1000,cafe,,
57,7,3000,resort,,
44,17,3000,nature,,
60,25,2000,resort,,
26,20,2000,cafe,,
24,29,3000,fine dining,,
47,6,1000,adventure,,
58,9,3000,adventure,,
61,19,3000,fine dining,,
32,16,10000,cafe,,
33,5,10000,cafe,,
24,21,10000,resort,,
53,30,10000,resort,,
34,24,10000,cafe,,
20,4,1000,nature,,
20,29,500,nature,,
21,18,10000,resort,,
44,23,10000,pub,,
25,21,1000,resort,,
64,18,3000,nature,,
61,28,5000,resort,,
51,18,5000,art,,
46,14,3000,adventure,,
40,30,1000,cafe,,
30,11,3000,pub,,
40,21,10000,resort,,
45,10,3000,fine dining,,
47,24,500,nature,,
63,18,1000,fine dining,,
22,18,1000,nature,,
51,22,500,pub,,
22,23,1000,resort,,
37,18,3000,art,,
20,4,1000,nature,,
29,5,500,art,,
58,19,500,resort,,
27,23,1000,fine dining,,
27,25,2000,resort,,
34,15,1000,fine dining,,
58,28,3000,adventure,,
35,9,2000,cafe,,
26,19,5000,fine dining,,
58,24,10000,adventure,,
64,11,10000,art,,
21,8,10000,fine dining,,
30,12,5000,resort,,
18,1,500,cafe,,
62,11,10000,cafe,,
30,15,2000,adventure,,
49,28,3000,nature,,
53,15,500,cafe,,
33,5,3000,adventure,,
32,6,5000,pub,,
42,22,2000,art,,
37,4,500,adventure,,
50,23,2000,art,,
25,22,3000,pub,,
19,1,10000,adventure,,
32,20,3000,art,,
27,10,3000,pub,,
29,27,3000,pub,,
50,9,1000,art,,
52,4,5000,fine dining,,
46,21,1000,cafe,,
49,27,3000,fine dining,,
65,24,2000,nature,,
26,28,10000,cafe,,
38,15,10000,cafe,,
19,2,2000,adventure,,
21,30,5000,fine dining,,
42,30,1000,cafe,,
31,23,5000,cafe,,
60,25,1000,art,,
20,23,10000,fine dining,,
23,25,5000,nature,,
53,24,5000,cafe,,
39,8,3000,pub,,
62,7,1000,resort,,
21,25,1000,art,,
32,8,500,fine dining,,
20,27,5000,pub,,
46,18,1000,fine dining,,
42,18,1000,resort,,
29,6,10000,cafe,,
22,11,5000,pub,,
41,23,5000,art,,
59,21,3000,art,,
43,27,3000,cafe,,
45,23,2000,cafe,,
19,1,3000,cafe,,
35,15,1000,art,,
64,25,500,fine dining,,
24,26,3000,cafe,,
23,26,1000,pub,,
57,6,2000,resort,,
40,20,2000,cafe,,
48,27,2000,cafe,,
27,20,1000,resort,,
45,30,10000,resort,,
39,9,10000,cafe,,
43,29,2000,fine dining,,
35,8,10000,cafe,,
29,12,1000,resort,,
35,17,2000,art,,
62,27,5000,cafe,,
22,9,1000,nature,,
45,5,10000,resort,,
35,23,3000,art,,
50,7,5000,art,,
19,2,3000,pub,,
28,13,3000,nature,,
55,10,500,fine dining,,
46,21,3000,pub,,
39,28,5000,pub,,
30,19,5000,cafe,,
26,10,3000,resort,,
34,17,10000,pub,,
23,22,500,fine dining,,
32,4,500,cafe,,
25,4,1000,pub,,
57,23,1000,pub,,
37,5,500,resort,,
31,19,3000,nature,,
37,27,10000,cafe,,
28,23,500,fine dining,,
40,4,3000,art,,
57,9,3000,cafe,,
19,2,500,nature,,
18,1,3000,cafe,,
47,23,500,adventure,,
22,6,10000,fine dining,,
51,4,5000,cafe,,
41,30,2000,cafe,,
63,10,2000,cafe,,
25,13,1000,adventure,,
29,12,1000,art,,
64,10,5000,fine dining,,
40,28,3000,resort,,
36,26,2000,pub,,
36,20,1000,art,,
62,22,500,cafe,,
39,8,3000,fine dining,,
33,18,5000,fine dining,,
18,1,10000,adventure,,
35,19,5000,art,,
50,21,1000,fine dining,,
39,18,2000,nature,,
58,20,500,art,,
61,20,10000,cafe,,
37,4,2000,nature,,
23,26,2000,cafe,,
56,25,1000,fine dining,,
37,6,500,fine dining,,
36,8,1000,art,,
64,27,5000,nature,,
51,10,3000,cafe,,
65,12,1000,pub,,
23,8,1000,resort,,
27,11,1000,cafe,,
34,5,1000,nature,,
34,19,1000,art,,
34,13,1000,nature,,
25,13,10000,cafe,,
62,23,2000,pub,,
58,30,5000,cafe,,
55,26,10000,cafe,,
19,2,5000,pub,,
25,26,5000,fine dining,,
48,23,3000,adventure,,
44,5,3000,nature,,
65,12,1000,cafe,,
25,14,3000,pub,,
62,5,10000,pub,,
54,6,3000,resort,,
22,9,5000,adventure,,
63,16,5000,fine dining,,
57,19,500,cafe,,
40,10,3000,art,,
61,20,500,resort,,
35,27,500,nature,,
33,28,5000,cafe,,
30,20,10000,resort,,
18,2,10000,nature,,
53,6,10000,cafe,,
33,22,1000,adventure,,
37,26,2000,fine dining,,
19,2,500,adventure,,
20,18,5000,resort,,
31,18,5000,resort,,
62,27,2000,art,,
46,28,2000,adventure,,
41,20,500,nature,,
48,10,1000,pub,,
22,29,2000,art,,
52,30,3000,cafe,,
64,18,5000,resort,,
27,7,3000,resort,,
54,28,500,art,,
33,29,2000,pub,,
54,17,500,resort,,
46,20,5000,pub,,
29,13,1000,cafe,,
20,17,5000,nature,,
57,27,500,art,,
41,25,10000,cafe,,
45,27,500,art,,
33,9,500,art,,
29,16,5000,resort,,
24,11,2000,cafe,,
49,28,3000,cafe,,
33,28,1000,nature,,
22,5,1000,resort,,
58,12,1000,art,,
20,6,500,art,,
55,17,5000,nature,,
60,24,5000,nature,,
29,28,500,fine dining,,
24,21,5000,fine dining,,
48,7,3000,cafe,,
39,16,5000,adventure,,
52,5,5000,art,,
23,14,500,cafe,,
52,29,3000,cafe,,
59,21,1000,nature,,
18,1,500,fine dining,,
27,6,500,pub,,
57,7,1000,nature,,
58,18,10000,adventure,,
39,25,3000,cafe,,
53,18,1000,adventure,,
29,4,1000,nature,,
55,16,3000,cafe,,
40,29,3000,pub,,
49,16,2000,pub,,
25,5,2000,nature,,
27,14,1000,art,,
34,19,1000,fine dining,,
40,5,3000,adventure,,
19,1,1000,fine dining,,
21,10,500,art,,
28,9,5000,fine dining,,
63,5,10000,cafe,,
48,15,3000,cafe,,
60,10,5000,fine dining,,
39,8,10000,art,,
53,30,1000,art,,
56,26,500,cafe,,
63,4,1000,pub,,
49,22,1000,adventure,,
33,13,10000,nature,,
29,18,2000,fine dining,,
58,24,2000,cafe,,
44,16,1000,art,,
63,7,1000,nature,,
25,13,10000,resort,,
26,16,1000,resort,,
38,7,3000,cafe,,
49,8,500,cafe,,
25,8,500,fine dining,,
56,10,2000,cafe,,
26,19,5000,nature,,
50,6,10000,pub,,
54,23,1000,cafe,,
48,11,10000,nature,,
28,5,2000,art,,
34,24,5000,fine dining,,
18,1,10000,nature,,
55,8,10000,art,,
47,16,3000,adventure,,
38,12,2000,cafe,,
65,27,500,cafe,,
28,26,5000,fine dining,,
44,26,500,adventure,,
53,16,3000,nature,,
60,24,2000,adventure,,
48,21,500,resort,,
21,7,5000,art,,
29,15,3000,art,,
21,16,10000,art,,
23,12,10000,resort,,
33,20,2000,pub,,
27,22,2000,art,,
44,5,2000,cafe,,
60,12,5000,cafe,,
36,6,500,adventure,,
51,24,10000,resort,,
37,5,10000,resort,,
49,11,1000,cafe,,
36,26,5000,fine dining,,
19,2,500,art,,
41,22,500,resort,,
65,11,2000,art,,
54,22,5000,nature,,
60,14,1000,art,,
46,7,10000,art,,
35,11,3000,adventure,,
40,29,5000,cafe,,
49,11,2000,resort,,
32,18,1000,nature,,
27,25,10000,adventure,,
45,22,500,fine dining,,
63,21,1000,cafe,,
58,19,3000,nature,,
31,22,1000,fine dining,,
32,17,1000,cafe,,
43,7,5000,art,,
24,22,10000,pub,,
52,22,5000,pub,,
37,10,5000,adventure,,
28,30,3000,adventure,,
34,20,10000,resort,,
52,7,10000,cafe,,
44,15,2000,adventure,,
63,20,500,resort,,
50,25,2000,cafe,,
63,28,10000,fine dining,,
25,22,10000,cafe,,
32,17,2000,nature,,
51,19,5000,nature,,
44,6,3000,adventure,,
61,29,5000,fine dining,,
37,12,3000,fine dining,,
27,18,10000,nature,,
24,29,5000,cafe,,
36,7,1000,cafe,,
63,5,3000,art,,
22,21,1000,fine dining,,
51,24,10000,fine dining,,
33,25,3000,fine dining,,
19,2,10000,fine dining,,
22,12,2000,nature,,
37,26,10000,pub,,
56,5,1000,art,,
64,6,5000,art,,
33,9,3000,adventure,,
21,14,2000,pub,,
51,16,500,nature,,
22,27,500,fine dining,,
34,28,2000,resort,,
24,23,10000,cafe,,
62,29,10000,nature,,
53,10,500,cafe,,
33,25,2000,fine dining,,
35,13,1000,resort,,
42,11,500,adventure,,
33,4,3000,pub,,
39,19,1000,cafe,,
31,22,1000,nature,,
37,21,3000,cafe,,
58,6,2000,cafe,,
60,7,1000,nature,,
60,30,5000,cafe,,
49,13,500,cafe,,
26,8,10000,art,,
52,27,2000,resort,,
18,2,5000,fine dining,,
55,7,3000,pub,,
46,17,2000,art,,
47,22,500,cafe,,
53,4,10000,nature,,
29,21,5000,art,,
26,29,5000,cafe,,
63,26,10000,fine dining,,
53,25,10000,art,,
43,5,10000,fine dining,,
35,11,5000,pub,,
28,16,500,resort,,
57,20,2000,cafe,,
48,7,1000,cafe,,
23,11,10000,pub,,
61,20,500,nature,,
54,6,10000,adventure,,
28,11,1000,cafe,,
28,20,10000,art,,
29,17,1000,nature,,
49,27,10000,resort,,
18,1,500,cafe,,
58,22,5000,resort,,
41,29,10000,pub,,
30,14,5000,resort,,
19,2,3000,art,,
39,26,500,resort,,
29,22,2000,pub,,
60,16,1000,art,,
48,16,2000,art,,
51,13,5000,art,,
65,25,2000,nature,,
58,5,5000,fine dining,,
54,23,3000,cafe,,
18,2,3000,pub,,
31,20,500,adventure,,
18,2,3000,resort,,
61,5,500,resort,,
35,26,2000,art,,
55,27,2000,fine dining,,
18,2,2000,resort,,
35,6,3000,art,,
51,24,500,pub,,
54,7,5000,resort,,
57,13,1000,pub,,
44,14,1000,pub,,
19,1,5000,fine dining,,
62,14,1000,art,,
43,9,500,cafe,,
59,14,1000,fine dining,,
29,18,2000,adventure,,
38,24,3000,cafe,,
21,10,500,cafe,,
57,5,3000,fine dining,,
62,26,3000,art,,
43,24,10000,fine dining,,
53,24,1000,fine dining,,
50,10,500,fine dining,,
56,10,1000,adventure,,
38,22,1000,pub,,
51,12,5000,cafe,,
19,1,5000,cafe,,
48,16,2000,adventure,,
61,6,10000,pub,,
27,26,1000,pub,,
65,21,10000,pub,,
65,5,1000,cafe,,
44,30,500,cafe,,
32,6,1000,pub,,
45,23,1000,resort,,
63,26,2000,adventure,,
31,27,500,adventure,,
20,7,1000,nature,,
24,9,500,cafe,,
27,29,3000,fine dining,,
51,17,1000,nature,,
54,18,1000,adventure,,
25,10,2000,resort,,
34,28,10000,art,,
27,10,10000,resort,,
34,4,5000,cafe,,
45,11,3000,fine dining,,
23,6,5000,cafe,,
64,29,1000,fine dining,,
50,7,5000,adventure,,
51,15,10000,fine dining,,
49,21,2000,cafe,,
21,20,1000,art,,
64,23,10000,pub,,
23,22,5000,art,,
50,21,1000,adventure,,
22,8,500,adventure,,
27,29,1000,resort,,
54,12,10000,fine dining,,
54,27,2000,cafe,,
22,17,10000,pub,,
23,15,1000,cafe,,
47,24,5000,pub,,
52,6,500,pub,,
65,15,1000,cafe,,
65,15,2000,fine dining,,
18,2,3000,nature,,
41,13,3000,pub,,
57,24,2000,pub,,
47,29,1000,adventure,,
33,22,3000,adventure,,
47,20,3000,cafe,,
55,23,10000,cafe,,
42,15,1000,fine dining,,
22,10,1000,resort,,
65,7,10000,nature,,
26,20,1000,nature,,
45,24,5000,pub,,
37,13,5000,cafe,,
22,9,3000,art,,
61,26,10000,cafe,,
19,1,5000,resort,,
46,9,10000,pub,,
32,9,500,adventure,,
51,23,10000,art,,
43,29,500,nature,,
54,9,3000,cafe,,
49,24,10000,fine dining,,
38,20,1000,cafe,,
26,23,3000,cafe,,
39,12,2000,cafe,,
65,11,500,fine dining,,
51,22,1000,resort,,
19,1,2000,fine dining,,
60,7,5000,cafe,,
26,21,1000,nature,,
34,30,10000,fine dining,,
44,16,10000,pub,,
46,26,5000,cafe,,
25,23,10000,resort,,
55,7,2000,nature,,
52,10,500,adventure,,
64,16,500,cafe,,
39,22,2000,cafe,,
55,26,10000,pub,,
59,20,3000,fine dining,,
25,5,3000,pub,,
18,2,10000,adventure,,
21,29,10000,nature,,
27,6,10000,resort,,
46,30,500,cafe,,
29,10,3000,cafe,,
22,28,5000,fine dining,,
19,1,5000,pub,,
59,23,500,adventure,,
60,11,5000,adventure,,
49,30,2000,pub,,
30,14,500,adventure,,
20,15,3000,cafe,,
36,22,10000,art,,
30,11,1000,art,,
20,21,3000,fine dining,,
21,18,1000,nature,,
31,28,10000,resort,,
45,18,1000,resort,,
40,16,5000,nature,,
41,15,2000,adventure,,
24,11,3000,cafe,,
51,26,10000,cafe,,
20,10,10000,adventure,,
63,30,5000,nature,,
30,8,5000,nature,,
39,8,10000,cafe,,
25,5,1000,fine dining,,
55,6,3000,cafe,,
50,10,2000,fine dining,,
42,21,500,cafe,,
35,26,2000,pub,,
20,5,1000,adventure,,
33,17,10000,adventure,,
22,23,3000,pub,,
30,4,500,cafe,,
43,29,10000,pub,,
24,15,500,fine dining,,
45,14,3000,cafe,,
60,27,500,adventure,,
30,13,5000,pub,,
41,5,2000,fine dining,,
57,6,5000,cafe,,
49,9,2000,cafe,,
39,19,5000,nature,,
64,7,1000,pub,,
38,23,500,cafe,,
37,30,2000,pub,,
27,25,5000,adventure,,
35,8,3000,resort,,
19,2,5000,art,,
59,22,500,adventure,,
54,20,500,pub,,
57,13,10000,cafe,,
45,29,5000,fine dining,,
44,25,10000,fine dining,,
62,25,2000,art,,
54,16,500,cafe,,
18,1,10000,art,,
40,29,3000,pub,,
25,12,500,art,,
59,8,500,fine dining,,
38,21,3000,nature,,
25,30,1000,resort,,
61,22,500,adventure,,
39,10,3000,fine dining,,
59,17,10000,fine dining,,
62,4,5000,fine dining,,
50,13,10000,adventure,,
56,12,500,adventure,,
37,13,1000,pub,,
53,14,3000,resort,,
20,17,500,fine dining,,
25,6,500,adventure,,
63,24,1000,pub,,
21,9,2000,cafe,,
40,12,3000,cafe,,
24,4,3000,resort,,
41,21,2000,cafe,,
44,9,1000,fine dining,,
48,28,1000,cafe,,
40,11,1000,art,,
31,4,2000,art,,
18,2,1000,pub,,
18,1,2000,nature,,
18,2,500,art,,
41,9,5000,resort,,
37,26,2000,art,,
64,18,1000,cafe,,
61,28,10000,resort,,
57,10,500,adventure,,
48,28,2000,cafe,,
57,17,2000,art,,
45,13,1000,resort,,
55,24,3000,cafe,,
32,25,2000,art,,
52,24,10000,cafe,,
41,19,1000,adventure,,
18,1,500,cafe,,
60,12,10000,nature,,
54,27,3000,art,,
57,17,5000,fine dining,,
65,29,5000,pub,,
25,19,5000,adventure,,
35,29,3000,cafe,,
65,13,2000,fine dining,,
22,13,2000,cafe,,
23,12,2000,pub,,
19,1,1000,nature,,
34,23,3000,fine dining,,
18,1,2000,cafe,,
32,22,10000,resort,,
24,22,5000,resort,,
37,17,10000,cafe,,
34,6,1000,adventure,,
51,25,500,cafe,,
44,5,1000,adventure,,
57,19,10000,fine dining,,
52,13,500,cafe,,
26,15,2000,pub,,
39,18,500,art,,
18,2,2000,resort,,
51,21,500,cafe,,
58,15,1000,nature,,
51,24,2000,cafe,,
65,18,1000,art,,
44,15,500,resort,,
31,10,500,art,,
60,20,2000,cafe,,
55,25,10000,fine dining,,
21,30,5000,pub,,
32,29,1000,pub,,
21,6,3000,cafe,,
23,4,3000,fine dining,,
27,18,500,nature,,
63,13,500,resort,,
45,22,5000,art,,
27,12,2000,cafe,,
20,29,2000,cafe,,
61,12,10000,resort,,
63,25,500,resort,,
37,12,2000,nature,,
51,5,10000,resort,,
44,6,2000,art,,
31,25,5000,cafe,,
43,21,3000,adventure,,
22,7,1000,pub,,
52,25,1000,fine dining,,
34,7,1000,pub,,
52,22,3000,resort,,
51,8,10000,cafe,,
63,8,3000,art,,
52,16,3000,pub,,
60,20,2000,cafe,,
48,8,5000,pub,,
54,28,2000,cafe,,
56,20,10000,cafe,,
54,30,500,cafe,,
41,30,5000,nature,,
57,9,5000,pub,,
45,10,3000,nature,,
42,23,2000,pub,,
60,7,3000,art,,
60,28,3000,nature,,
30,11,1000,resort,,
50,21,2000,pub,,
31,30,10000,pub,,
57,20,1000,nature,,
60,25,2000,resort,,
36,11,5000,fine dining,,
33,15,1000,resort,,
41,8,10000,nature,,
42,20,5000,art,,
29,24,5000,adventure,,
35,12,10000,cafe,,
63,10,1000,nature,,
53,16,2000,cafe,,
42,9,3000,pub,,
34,10,5000,adventure,,
31,29,500,resort,,
23,18,5000,resort,,
64,23,1000,adventure,,
35,7,500,pub,,
32,13,10000,cafe,,
28,8,500,cafe,,
29,9,500,adventure,,
22,25,500,adventure,,
40,30,5000,cafe,,
22,11,5000,fine dining,,
43,14,3000,resort,,
31,5,10000,resort,,
38,19,5000,fine dining,,
49,5,10000,nature,,
32,8,10000,resort,,
34,6,5000,adventure,,
50,7,1000,cafe,,
55,11,500,cafe,,
33,17,500,cafe,,
38,9,5000,cafe,,
24,5,2000,cafe,,
22,20,1000,adventure,,
39,23,10000,nature,,
38,26,5000,fine dining,,
19,1,1000,pub,,
64,13,3000,resort,,
48,13,3000,art,,
25,26,500,fine dining,,
62,8,3000,nature,,
24,22,10000,fine dining,,
57,10,1000,resort,,
18,1,10000,adventure,,
58,27,1000,adventure,,
60,17,5000,fine dining,,
18,2,10000,nature,,
42,17,5000,resort,,
27,5,10000,adventure,,
29,21,2000,nature,,
61,21,500,resort,,
57,12,3000,resort,,
51,7,500,nature,,
42,15,10000,resort,,
41,18,3000,adventure,,
37,25,500,cafe,,
60,17,3000,fine dining,,
62,4,5000,fine dining,,
34,28,500,pub,,
21,9,5000,cafe,,
35,12,1000,adventure,,
63,22,10000,art,,
38,8,500,art,,
49,16,3000,art,,
62,28,10000,nature,,
21,20,3000,art,,
38,13,3000,pub,,
29,12,500,cafe,,
29,28,2000,cafe,,
55,26,2000,cafe,,
26,25,500,cafe,,
26,24,500,pub,,
48,8,2000,pub,,
58,30,5000,adventure,,
51,9,500,nature,,
61,23,3000,resort,,
42,19,5000,cafe,,
52,6,10000,resort,,
49,5,500,adventure,,
39,5,3000,cafe,,
41,17,3000,art,,
61,20,2000,pub,,
41,9,5000,nature,,
29,19,500,art,,
37,15,2000,pub,,
28,12,500,art,,
51,10,3000,adventure,,
63,9,2000,resort,,
18,1,1000,art,,
37,14,500,resort,,
39,15,3000,adventure,,
34,8,2000,fine dining,,
46,20,500,resort,,
57,28,3000,adventure,,
19,1,1000,nature,,
25,20,10000,pub,,
52,4,10000,pub,,
38,21,2000,nature,,
65,9,10000,cafe,,
52,12,10000,art,,
58,28,1000,cafe,,
21,20,10000,cafe,,
64,28,1000,cafe,,
60,10,5000,pub,,
60,15,10000,cafe,,
58,12,5000,pub,,
38,18,10000,resort,,
57,20,500,fine dining,,
24,19,10000,nature,,
61,21,3000,art,,
61,18,500,cafe,,
61,20,500,cafe,,
46,18,500,art,,
61,23,3000,cafe,,
29,19,2000,pub,,
57,9,10000,cafe,,
25,16,2000,nature,,
36,29,1000,fine dining,,
45,8,5000,fine dining,,
31,13,3000,resort,,
27,15,500,pub,,
21,30,5000,pub,,
61,20,5000,nature,,
64,7,3000,cafe,,
58,25,2000,art,,
61,28,2000,cafe,,
44,25,3000,adventure,,
53,15,500,cafe,,
63,5,2000,cafe,,
52,17,2000,resort,,
18,2,2000,pub,,
30,22,500,art,,
43,5,500,pub,,
64,14,500,adventure,,
36,9,1000,adventure,,
24,27,500,fine dining,,
24,17,5000,fine dining,,
27,4,500,resort,,
18,1,1000,nature,,
42,5,5000,cafe,,
52,13,10000,nature,,
29,19,2000,resort,,
27,19,3000,nature,,
47,6,5000,cafe,,
29,11,2000,nature,,
19,2,10000,art,,
61,11,10000,art,,
56,15,5000,cafe,,
40,6,1000,art,,
63,25,5000,cafe,,
44,11,500,resort,,
20,10,5000,resort,,
28,5,10000,resort,,
58,18,3000,resort,,
27,6,500,nature,,
29,22,3000,resort,,
37,9,2000,cafe,,
38,16,500,adventure,,
35,6,10000,cafe,,
23,16,2000,pub,,
59,10,5000,nature,,
23,24,5000,resort,,
45,29,2000,art,,
42,27,10000,cafe,,
29,28,500,art,,
38,6,5000,resort,,
31,7,500,art,,
37,17,2000,nature,,
33,24,5000,cafe,,
62,17,1000,art,,
26,6,3000,art,,
52,22,2000,fine dining,,
61,10,10000,nature,,
60,20,3000,nature,,
27,15,3000,adventure,,
58,12,1000,adventure,,
55,24,10000,fine dining,,
63,21,5000,fine dining,,
62,6,1000,resort,,
34,7,5000,fine dining,,
56,23,1000,adventure,,
65,27,10000,cafe,,
21,29,500,cafe,,
45,21,3000,art,,
42,15,2000,resort,,
47,6,1000,fine dining,,
30,16,2000,adventure,,
25,16,1000,adventure,,
35,27,500,nature,,
58,14,3000,nature,,
58,20,3000,nature,,
24,20,3000,pub,,
38,4,10000,cafe,,
54,5,1000,resort,,
50,12,500,art,,
38,10,500,cafe,,
35,19,500,resort,,
63,19,10000,cafe,,
43,11,10000,cafe,,
51,11,1000,fine dining,,
24,12,10000,resort,,
64,8,10000,adventure,,
36,10,1000,nature,,
54,13,10000,nature,,
41,13,2000,cafe,,
56,15,1000,adventure,,
31,9,10000,pub,,
52,30,2000,pub,,
26,8,500,nature,,
30,24,10000,cafe,,
36,23,1000,pub,,
25,28,10000,resort,,
58,20,500,fine dining,,
49,13,5000,cafe,,
43,11,5000,pub,,
28,27,2000,fine dining,,
31,28,5000,cafe,,
22,10,2000,art,,
61,19,10000,cafe,,
46,9,500,nature,,
54,29,10000,art,,
47,24,10000,cafe,,
48,18,5000,fine dining,,
41,29,3000,cafe,,
64,13,10000,cafe,,
60,11,2000,cafe,,
63,4,1000,art,,
40,18,1000,resort,,
40,23,500,resort,,
60,16,3000,cafe,,
36,8,2000,art,,
57,7,2000,pub,,
29,14,500,pub,,
49,24,500,nature,,
26,14,500,cafe,,
34,10,3000,cafe,,
27,6,1000,cafe,,
35,22,5000,adventure,,
43,49,2000,art,,
34,10,10000,nature,,
38,25,5000,cafe,,
27,41,2000,nature,,
60,43,5000,nature,,
31,16,5000,cafe,,
37,39,2000,resort,,
58,15,5000,nature,,
62,27,3000,adventure,,
47,23,2000,art,,
49,11,500,resort,,
64,30,500,resort,,
33,42,500,adventure,,
37,33,1000,resort,,
51,30,10000,fine dining,,
31,25,5000,adventure,,
36,29,10000,resort,,
27,30,5000,fine dining,,
46,34,5000,cafe,,
33,31,2000,adventure,,
27,39,3000,adventure,,
41,47,2000,adventure,,
55,42,5000,fine dining,,
63,41,500,nature,,
56,38,10000,pub,,
27,47,2000,pub,,
19,1,3000,nature,,
63,35,500,pub,,
27,38,500,art,,
62,33,5000,cafe,,
25,31,2000,fine dining,,
54,28,3000,adventure,,
22,29,1000,adventure,,
57,49,500,nature,,
36,30,500,fine dining,,
48,30,500,pub,,
40,12,2000,art,,
55,31,5000,fine dining,,
52,11,500,cafe,,
37,27,500,resort,,
55,46,5000,art,,
55,31,5000,pub,,
64,47,2000,pub,,
45,42,5000,art,,
18,2,5000,resort,,
59,23,2000,cafe,,
28,42,2000,adventure,,
43,14,10000,cafe,,
64,15,5000,pub,,
20,34,500,pub,,
65,39,3000,cafe,,
43,11,5000,nature,,
42,48,2000,pub,,
35,22,10000,fine dining,,
31,17,3000,nature,,
22,48,5000,cafe,,
42,16,500,adventure,,
28,36,10000,cafe,,
55,17,2000,nature,,
39,18,5000,resort,,
34,36,500,pub,,
62,27,3000,resort,,
44,32,10000,nature,,
30,44,2000,nature,,
24,20,1000,fine dining,,
45,28,1000,resort,,
51,39,500,cafe,,
61,27,10000,art,,
43,11,10000,fine dining,,
35,41,5000,resort,,
55,30,5000,fine dining,,
19,1,3000,resort,,
44,23,2000,resort,,
57,31,5000,nature,,
55,12,1000,art,,
19,2,10000,fine dining,,
49,48,2000,cafe,,
49,37,1000,adventure,,
39,48,1000,resort,,
48,45,3000,pub,,
39,12,3000,fine dining,,
64,34,5000,nature,,
41,12,1000,pub,,
38,40,500,resort,,
30,16,1000,cafe,,
58,42,5000,cafe,,
18,1,500,resort,,
34,29,500,nature,,
21,18,2000,cafe,,
65,34,10000,resort,,
35,37,10000,resort,,
47,34,500,pub,,
63,32,500,nature,,
57,28,1000,adventure,,
49,19,500,pub,,
22,44,2000,adventure,,
51,21,500,pub,,
53,46,10000,cafe,,
61,25,2000,fine dining,,
56,34,500,art,,
61,47,5000,cafe,,
34,15,500,nature,,
30,35,500,resort,,
59,24,1000,resort,,
19,1,500,cafe,,
39,21,2000,art,,
59,42,10000,cafe,,
60,25,10000,pub,,
24,37,500,art,,
25,21,1000,resort,,
42,25,5000,fine dining,,
48,11,10000,art,,
50,29,500,resort,,
21,36,3000,cafe,,
34,14,3000,resort,,
33,40,5000,pub,,
43,12,1000,adventure,,
62,32,500,cafe,,
22,17,1000,pub,,
36,33,500,cafe,,
36,39,5000,resort,,
25,46,3000,cafe,,
53,34,2000,nature,,
65,34,2000,adventure,,
22,47,10000,resort,,
62,24,3000,cafe,,
27,28,2000,art,,
18,1,10000,resort,,
46,27,3000,cafe,,
53,39,500,fine dining,,
58,14,1000,adventure,,
49,22,2000,nature,,
36,49,500,fine dining,,
27,10,5000,resort,,
24,40,500,nature,,
50,21,5000,cafe,,
42,12,3000,pub,,
19,1,10000,nature,,
37,29,3000,cafe,,
55,20,1000,cafe,,
49,35,1000,pub,,
41,32,5000,fine dining,,
30,26,3000,resort,,
59,24,5000,art,,
21,19,10000,art,,
22,35,3000,art,,
58,30,500,fine dining,,
57,36,10000,cafe,,
56,12,1000,cafe,,
26,21,1000,cafe,,
23,38,500,nature,,
50,47,500,fine dining,,
35,40,1000,cafe,,
42,49,10000,cafe,,
38,35,10000,nature,,
31,48,2000,art,,
37,20,1000,adventure,,
59,11,10000,cafe,,
50,15,2000,pub,,
49,29,10000,nature,,
38,15,3000,resort,,
26,44,3000,fine dining,,
34,19,3000,cafe,,
39,25,2000,cafe,,
53,39,2000,resort,,
49,14,3000,art,,
54,38,2000,cafe,,
25,42,1000,pub,,
45,34,5000,cafe,,
27,23,2000,art,,
40,27,1000,cafe,,
27,39,10000,resort,,
52,29,1000,art,,
53,41,1000,pub,,
24,26,5000,art,,
45,27,2000,resort,,
58,29,500,cafe,,
65,29,2000,resort,,
31,21,500,nature,,
65,25,3000,nature,,
50,29,5000,cafe,,
62,16,10000,resort,,
33,38,1000,resort,,
55,18,1000,adventure,,
60,20,500,cafe,,
45,41,10000,fine dining,,
65,26,5000,nature,,
53,25,1000,art,,
24,38,5000,adventure,,
50,28,1000,pub,,
25,14,5000,adventure,,
37,34,10000,pub,,
22,37,5000,fine dining,,
24,26,5000,fine dining,,
64,29,10000,art,,
62,43,500,art,,
25,47,5000,art,,
27,37,1000,fine dining,,
23,40,2000,cafe,,
50,36,10000,resort,,
61,29,3000,pub,,
65,27,500,resort,,
30,48,3000,resort,,
63,34,3000,nature,,
40,35,500,adventure,,
54,43,1000,nature,,
52,13,5000,nature,,
23,19,500,adventure,,
21,11,2000,art,,
36,48,2000,adventure,,
56,43,5000,adventure,,
61,35,500,nature,,
42,18,5000,fine dining,,
43,15,2000,art,,
29,16,1000,pub,,
51,35,2000,nature,,
43,22,10000,nature,,
58,46,5000,pub,,
28,50,2000,fine dining,,
31,20,2000,adventure,,
35,44,2000,cafe,,
52,39,5000,cafe,,
34,15,10000,fine dining,,
30,33,1000,art,,
25,13,3000,art,,
61,25,10000,art,,
48,42,10000,adventure,,
26,36,5000,adventure,,
22,10,3000,art,,
28,10,3000,adventure,,
30,20,10000,cafe,,
32,24,2000,cafe,,
62,17,1000,fine dining,,
49,39,2000,fine dining,,
40,44,5000,resort,,
39,34,500,pub,,
46,41,2000,resort,,
34,43,10000,nature,,
34,24,3000,resort,,
26,47,3000,fine dining,,
32,16,3000,resort,,
37,25,3000,pub,,
28,26,1000,adventure,,
29,20,5000,pub,,
58,26,500,nature,,
34,37,500,cafe,,
48,11,5000,art,,
55,39,2000,adventure,,
49,20,3000,fine dining,,
24,11,5000,resort,,
52,18,500,cafe,,
36,23,500,fine dining,,
64,30,10000,cafe,,
19,1,5000,nature,,
22,37,500,pub,,
52,45,2000,pub,,
20,10,2000,pub,,
27,44,500,art,,
46,15,500,resort,,
30,36,3000,pub,,
46,12,5000,cafe,,
54,14,2000,resort,,
31,44,1000,resort,,
34,19,3000,fine dining,,
18,1,3000,art,,
56,18,500,fine dining,,
31,33,2000,art,,
52,17,10000,art,,
41,10,1000,nature,,
59,39,500,cafe,,
58,23,3000,pub,,
49,13,10000,art,,
39,11,500,nature,,
22,41,10000,cafe,,
63,39,2000,cafe,,
34,18,2000,resort,,
47,33,500,art,,
64,11,500,cafe,,
42,37,2000,pub,,
40,22,500,nature,,
56,18,500,pub,,
63,29,500,adventure,,
30,23,2000,adventure,,
29,12,2000,nature,,
35,13,10000,resort,,
64,45,1000,nature,,
26,30,10000,pub,,
62,14,2000,cafe,,
55,35,2000,nature,,
51,16,3000,art,,
47,39,1000,adventure,,
33,30,1000,adventure,,
29,50,5000,cafe,,
35,30,500,art,,
57,32,3000,pub,,
34,48,500,adventure,,
21,39,500,resort,,
39,20,1000,nature,,
30,41,500,fine dining,,
21,42,2000,adventure,,
32,14,2000,resort,,
38,23,1000,art,,
63,39,10000,art,,
59,30,10000,fine dining,,
45,40,500,cafe,,
28,21,10000,pub,,
65,23,5000,cafe,,
64,25,500,fine dining,,
34,34,500,resort,,
26,27,2000,nature,,
22,16,5000,fine dining,,
60,30,2000,resort,,
42,41,2000,fine dining,,
37,43,3000,cafe,,
64,27,2000,pub,,
29,46,10000,cafe,,
25,31,5000,art,,
55,25,1000,adventure,,
51,42,10000,cafe,,
43,13,1000,adventure,,
43,44,5000,resort,,
54,47,5000,cafe,,
24,34,2000,resort,,
48,38,10000,nature,,
40,50,3000,resort,,
22,14,1000,cafe,,
29,40,2000,resort,,
24,42,5000,pub,,
39,18,2000,resort,,
40,43,10000,pub,,
33,30,3000,cafe,,
43,18,500,fine dining,,
30,25,10000,cafe,,
64,43,3000,resort,,
30,42,1000,nature,,
37,22,3000,fine dining,,
32,24,5000,pub,,
31,27,2000,nature,,
22,39,10000,pub,,
46,46,10000,resort,,
42,28,10000,art,,
65,23,3000,resort,,
38,41,1000,pub,,
50,31,3000,adventure,,
64,17,500,resort,,
25,29,5000,cafe,,
59,27,2000,pub,,
48,24,3000,cafe,,
42,35,3000,adventure,,
38,39,10000,fine dining,,
54,15,10000,adventure,,
18,1,3000,cafe,,
19,2,10000,cafe,,
59,21,10000,cafe,,
36,28,10000,fine dining,,
42,37,3000,adventure,,
37,28,1000,fine dining,,
57,28,10000,adventure,,
52,10,2000,pub,,
53,12,10000,fine dining,,
47,34,3000,cafe,,
21,28,3000,pub,,
58,19,5000,pub,,
31,29,3000,resort,,
18,1,500,art,,
52,12,5000,art,,
58,48,3000,nature,,
61,43,500,pub,,
58,12,500,nature,,
60,15,3000,cafe,,
51,45,2000,pub,,
21,16,10000,cafe,,
43,12,500,adventure,,
49,24,2000,fine dining,,
48,43,2000,adventure,,
19,1,1000,resort,,
59,11,500,cafe,,
44,12,500,cafe,,
26,34,1000,nature,,
61,39,2000,cafe,,
60,29,500,fine dining,,
21,26,10000,cafe,,
33,47,3000,cafe,,
37,27,5000,fine dining,,
50,18,1000,adventure,,
29,46,1000,art,,
38,48,10000,pub,,
31,28,5000,fine dining,,
53,15,1000,resort,,
64,42,1000,nature,,
20,25,1000,nature,,
40,40,10000,art,,
54,43,10000,art,,
36,39,2000,nature,,
36,44,3000,resort,,
42,12,10000,adventure,,
56,29,10000,cafe,,
61,35,500,resort,,
25,27,2000,art,,
40,47,500,nature,,
54,13,5000,pub,,
29,34,10000,resort,,
36,48,5000,fine dining,,
60,10,5000,art,,
62,14,2000,pub,,
36,11,2000,pub,,
22,46,1000,resort,,
20,37,500,adventure,,
56,37,500,cafe,,
61,22,5000,cafe,,
23,10,5000,resort,,
22,33,10000,cafe,,
31,34,10000,adventure,,
54,41,5000,fine dining,,
63,25,2000,nature,,
26,39,2000,fine dining,,
63,33,500,adventure,,
22,46,2000,art,,
44,44,10000,cafe,,
37,36,500,pub,,
20,35,1000,resort,,
35,48,10000,resort,,
52,26,500,pub,,
18,2,500,pub,,
20,11,500,nature,,
21,14,10000,adventure,,
33,30,10000,cafe,,
49,27,10000,fine dining,,
43,29,3000,adventure,,
57,38,10000,cafe,,
64,15,2000,nature,,
60,10,5000,cafe,,
48,20,500,art,,
48,45,3000,pub,,
27,20,5000,art,,
49,12,3000,art,,
57,21,500,fine dining,,
35,11,10000,nature,,
47,12,3000,pub,,
60,19,2000,cafe,,
35,36,2000,cafe,,
40,40,5000,cafe,,
21,19,3000,art,,
42,10,1000,cafe,,
22,31,2000,cafe,,
28,12,2000,fine dining,,
61,15,2000,cafe,,
21,35,10000,nature,,
60,49,1000,fine dining,,
25,40,1000,adventure,,
25,14,500,nature,,
25,35,3000,pub,,
35,21,10000,resort,,
59,11,500,adventure,,
26,27,3000,fine dining,,
54,50,500,cafe,,
25,38,2000,art,,
57,11,10000,fine dining,,
43,18,5000,fine dining,,
45,31,1000,fine dining,,
28,40,3000,nature,,
59,19,1000,resort,,
64,23,500,resort,,
27,47,5000,cafe,,
55,30,5000,adventure,,
18,2,2000,cafe,,
29,42,3000,nature,,
33,13,500,adventure,,
30,29,10000,fine dining,,
20,41,2000,pub,,
19,2,5000,fine dining,,
21,17,5000,cafe,,
27,41,1000,fine dining,,
60,49,5000,adventure,,
56,13,5000,cafe,,
42,48,5000,fine dining,,
49,19,500,art,,
44,16,3000,art,,
38,26,5000,art,,
50,36,10000,adventure,,
35,50,10000,nature,,
26,34,500,art,,
64,30,2000,fine dining,,
56,21,1000,cafe,,
28,19,3000,art,,
60,50,5000,adventure,,
21,37,5000,resort,,
45,40,10000,nature,,
19,1,2000,pub,,
53,17,3000,cafe,,
40,35,5000,nature,,
26,25,3000,fine dining,,
41,46,500,cafe,,
59,49,5000,pub,,
54,16,5000,nature,,
20,40,2000,pub,,
65,21,3000,nature,,
61,29,500,pub,,
60,28,10000,cafe,,
24,28,10000,pub,,
43,49,2000,fine dining,,
46,16,10000,nature,,
20,30,3000,cafe,,
60,44,500,fine dining,,
32,17,10000,adventure,,
58,12,2000,fine dining,,
23,16,3000,fine dining,,
26,14,5000,fine dining,,
21,34,10000,art,,
51,49,1000,nature,,
35,40,2000,pub,,
65,21,10000,cafe,,
38,17,10000,cafe,,
39,37,3000,pub,,
37,34,5000,cafe,,
36,13,10000,fine dining,,
48,45,1000,nature,,
29,25,500,art,,
34,32,5000,adventure,,
35,40,2000,fine dining,,
35,18,500,adventure,,
37,36,3000,cafe,,
24,17,2000,cafe,,
42,41,10000,cafe,,
39,23,3000,nature,,
46,18,5000,adventure,,
36,47,2000,adventure,,
41,22,2000,pub,,
33,47,10000,nature,,
58,32,500,adventure,,
33,25,10000,cafe,,
30,27,5000,adventure,,
28,29,10000,fine dining,,
59,34,1000,art,,
20,11,10000,cafe,,
52,13,5000,nature,,
23,34,1000,resort,,
34,48,1000,resort,,
53,10,1000,pub,,
52,47,2000,resort,,
28,31,3000,adventure,,
18,2,500,pub,,
30,14,5000,art,,
18,2,10000,art,,
38,28,500,nature,,
31,23,10000,resort,,
54,44,2000,cafe,,
35,46,10000,pub,,
54,42,500,cafe,,
21,15,10000,cafe,,
55,31,1000,cafe,,
46,23,3000,cafe,,
21,50,3000,cafe,,
21,36,10000,cafe,,
55,39,500,cafe,,
51,39,2000,pub,,
19,2,1000,pub,,
55,33,500,nature,,
64,18,5000,fine dining,,
64,26,1000,resort,,
51,18,500,pub,,
43,22,5000,art,,
40,35,5000,pub,,
41,24,3000,art,,
58,41,500,resort,,
38,42,1000,cafe,,
43,24,1000,cafe,,
41,41,10000,pub,,
22,31,5000,fine dining,,
49,49,500,cafe,,
58,23,500,nature,,
22,29,500,adventure,,
20,50,3000,resort,,
52,49,500,art,,
61,21,3000,adventure,,
20,36,5000,cafe,,
54,44,3000,pub,,
32,46,2000,art,,
55,21,500,pub,,
44,39,3000,art,,
31,50,2000,adventure,,
26,23,5000,art,,
43,23,5000,adventure,,
62,43,2000,adventure,,
22,33,500,cafe,,
56,25,3000,cafe,,
28,11,3000,cafe,,
60,27,1000,pub,,
39,45,2000,adventure,,
31,27,2000,cafe,,
45,17,1000,art,,
52,28,1000,cafe,,
41,40,500,fine dining,,
45,13,500,fine dining,,
63,40,10000,pub,,
25,35,10000,cafe,,
39,13,2000,cafe,,
28,49,2000,cafe,,
60,23,1000,pub,,
52,47,10000,cafe,,
56,19,10000,resort,,
18,2,500,cafe,,
22,28,5000,cafe,,
39,33,5000,adventure,,
59,24,5000,fine dining,,
55,19,1000,art,,
57,35,500,adventure,,
48,32,10000,cafe,,
37,30,3000,art,,
63,15,2000,resort,,
49,43,500,nature,,
46,27,10000,adventure,,
42,15,5000,cafe,,
33,33,2000,nature,,
39,20,5000,art,,
56,15,5000,resort,,
38,30,5000,nature,,
22,31,1000,cafe,,
48,32,2000,cafe,,
58,21,1000,adventure,,
46,13,2000,art,,
64,20,2000,resort,,
38,10,5000,pub,,
33,38,3000,adventure,,
42,24,3000,nature,,
60,46,500,nature,,
28,42,3000,nature,,
27,43,10000,cafe,,
36,20,500,fine dining,,
59,26,3000,fine dining,,
53,34,3000,adventure,,
26,23,2000,fine dining,,
48,18,5000,fine dining,,
42,12,10000,nature,,
32,14,500,cafe,,
28,21,2000,cafe,,
60,17,500,adventure,,
20,19,2000,nature,,
52,34,3000,nature,,
48,38,3000,cafe,,
48,27,500,adventure,,
32,28,5000,nature,,
51,30,500,cafe,,
37,48,5000,cafe,,
47,15,2000,fine dining,,
52,30,500,resort,,
43,40,5000,cafe,,
59,33,5000,cafe,,
48,30,3000,adventure,,
52,44,2000,nature,,
22,36,5000,nature,,
28,36,1000,nature,,
31,42,1000,adventure,,
50,21,2000,pub,,
30,32,1000,cafe,,
34,32,10000,fine dining,,
42,26,3000,cafe,,
45,41,500,fine dining,,
42,20,10000,cafe,,
20,32,10000,adventure,,
62,13,5000,art,,
54,21,10000,resort,,
38,47,500,cafe,,
19,1,10000,cafe,,
40,13,5000,pub,,
30,17,10000,pub,,
37,14,3000,pub,,
41,28,5000,art,,
29,45,2000,resort,,
52,30,3000,cafe,,
54,13,500,cafe,,
51,33,500,cafe,,
48,47,1000,nature,,
51,36,3000,cafe,,
52,24,500,adventure,,
53,11,3000,nature,,
19,1,500,art,,
18,2,1000,cafe,,
51,47,5000,adventure,,
48,32,500,adventure,,
62,44,3000,resort,,
31,26,5000,nature,,
65,21,3000,adventure,,
45,26,3000,adventure,,
32,38,1000,pub,,
35,15,10000,cafe,,
24,38,1000,cafe,,
24,43,1000,resort,,
35,20,1000,resort,,
31,32,3000,pub,,
47,17,5000,cafe,,
50,17,2000,cafe,,
43,42,500,fine dining,,
48,31,2000,cafe,,
52,45,5000,adventure,,
21,45,5000,cafe,,
42,37,5000,nature,,
44,14,2000,art,,
23,15,10000,fine dining,,
59,29,1000,cafe,,
35,30,2000,fine dining,,
33,38,500,nature,,
59,15,3000,fine dining,,
55,14,10000,art,,
30,22,5000,resort,,
28,30,10000,nature,,
52,23,1000,adventure,,
63,41,5000,pub,,
61,15,500,cafe,,
27,45,2000,pub,,
31,12,1000,pub,,
43,10,3000,pub,,
33,23,5000,cafe,,
52,35,500,cafe,,
64,34,3000,art,,
64,13,1000,cafe,,
50,26,1000,adventure,,
62,18,500,adventure,,
23,16,5000,pub,,
29,34,5000,adventure,,
22,35,5000,resort,,
62,18,1000,art,,
65,15,1000,cafe,,
56,46,2000,resort,,
65,10,5000,cafe,,
30,25,5000,adventure,,
34,25,500,nature,,
47,17,500,adventure,,
19,2,1000,cafe,,
53,16,5000,pub,,
50,10,5000,art,,
35,21,500,nature,,
37,40,500,cafe,,
64,27,3000,cafe,,
20,17,1000,art,,
34,23,500,resort,,
45,31,10000,adventure,,
65,11,1000,resort,,
57,45,10000,art,,
51,19,2000,nature,,
43,41,5000,pub,,
34,22,5000,art,,
50,32,10000,pub,,
65,43,500,adventure,,
54,41,2000,fine dining,,
29,14,500,resort,,
50,10,2000,resort,,
33,40,5000,cafe,,
25,11,500,nature,,
32,50,3000,resort,,
53,50,5000,art,,
34,16,1000,cafe,,
20,40,5000,fine dining,,
36,12,5000,fine dining,,
39,43,5000,resort,,
22,36,10000,resort,,
46,24,10000,resort,,
64,32,1000,resort,,
37,39,5000,resort,,
33,10,500,art,,
38,31,2000,cafe,,
19,2,500,cafe,,
44,10,500,nature,,
28,20,500,adventure,,
40,26,3000,pub,,
33,20,500,cafe,,
65,44,5000,adventure,,
44,26,3000,nature,,
40,28,3000,art,,
63,37,5000,cafe,,
21,46,10000,art,,
36,33,5000,pub,,
52,17,10000,fine dining,,
43,38,1000,adventure,,
42,14,1000,cafe,,
45,48,10000,art,,
47,44,10000,resort,,
25,31,3000,cafe,,
21,27,5000,resort,,
33,36,5000,resort,,
49,14,5000,fine dining,,
26,34,3000,cafe,,
48,24,2000,resort,,
60,42,3000,resort,,
35,24,5000,art,,
61,26,1000,pub,,
41,19,5000,cafe,,
34,47,2000,resort,,
23,11,10000,nature,,
40,13,3000,adventure,,
49,49,1000,fine dining,,
65,39,10000,cafe,,
53,38,500,pub,,
30,27,2000,fine dining,,
28,18,3000,cafe,,
23,44,2000,resort,,
37,23,10000,adventure,,
48,46,10000,pub,,
28,50,1000,cafe,,
46,40,1000,adventure,,
35,46,2000,cafe,,
42,16,2000,nature,,
20,29,10000,resort,,
43,50,5000,nature,,
34,13,5000,resort,,
33,21,5000,nature,,
21,24,10000,art,,
38,30,500,pub,,
62,48,5000,adventure,,
24,17,2000,art,,
31,21,3000,art,,
60,16,500,cafe,,
42,12,5000,art,,
50,48,5000,pub,,
49,46,1000,fine dining,,
46,17,5000,fine dining,,
40,22,1000,pub,,
46,15,2000,fine dining,,
49,25,5000,fine dining,,
29,37,1000,pub,,
61,41,3000,pub,,
61,23,1000,adventure,,
63,22,3000,fine dining,,
60,12,2000,fine dining,,
64,21,5000,nature,,
48,36,500,adventure,,
41,23,10000,adventure,,
61,48,1000,cafe,,
30,14,1000,cafe,,
37,31,3000,resort,,
46,42,500,art,,
20,26,5000,nature,,
41,15,5000,nature,,
55,40,1000,resort,,
58,37,10000,resort,,
60,18,1000,resort,,
23,42,2000,cafe,,
26,29,1000,fine dining,,
29,38,1000,cafe,,
24,25,3000,fine dining,,
64,30,2000,art,,
60,37,1000,cafe,,
38,36,500,pub,,
31,46,500,nature,,
53,16,500,nature,,
24,37,500,resort,,
49,30,3000,art,,
51,37,500,cafe,,
55,21,3000,nature,,
63,25,2000,resort,,
47,31,5000,adventure,,
46,11,500,nature,,
58,14,10000,art,,
43,32,10000,pub,,
65,30,2000,cafe,,
30,20,5000,fine dining,,
33,25,2000,nature,,
27,28,3000,art,,
18,2,3000,cafe,,
24,28,5000,resort,,
42,23,10000,cafe,,
55,17,3000,fine dining,,
65,41,5000,adventure,,
62,35,10000,nature,,
53,22,3000,pub,,
30,19,5000,cafe,,
27,29,10000,resort,,
27,16,500,fine dining,,
41,20,1000,adventure,,
21,28,500,cafe,,
58,22,10000,nature,,
44,13,10000,resort,,
51,19,10000,nature,,
52,36,5000,art,,
46,35,1000,fine dining,,
31,41,5000,pub,,
18,1,2000,adventure,,
33,21,1000,cafe,,
19,1,10000,art,,
45,41,3000,nature,,
21,23,5000,cafe,,
44,20,3000,cafe,,
38,26,5000,cafe,,
21,23,2000,fine dining,,
50,31,5000,cafe,,
38,34,5000,resort,,
29,32,10000,fine dining,,
42,18,2000,art,,
50,24,10000,cafe,,
20,35,2000,cafe,,
33,41,5000,cafe,,
39,13,500,cafe,,
36,18,3000,adventure,,
55,40,2000,nature,,
32,50,1000,adventure,,
43,43,10000,adventure,,
45,43,1000,fine dining,,
25,49,1000,resort,,
44,45,1000,pub,,
45,16,500,nature,,
30,29,3000,pub,,
60,45,2000,fine dining,,
36,37,10000,cafe,,
63,10,5000,cafe,,
61,21,500,pub,,
32,48,2000,art,,
20,29,500,cafe,,
32,16,500,fine dining,,
59,40,1000,cafe,,
53,21,5000,pub,,
40,21,500,adventure,,
50,33,2000,cafe,,
47,33,3000,cafe,,
31,33,2000,nature,,
62,35,500,pub,,
41,37,5000,pub,,
52,26,10000,resort,,
32,40,2000,pub,,
61,23,2000,art,,
59,27,500,cafe,,
57,35,10000,resort,,
55,38,2000,resort,,
32,41,5000,cafe,,
61,37,2000,nature,,
61,23,10000,pub,,
53,33,1000,fine dining,,
20,26,5000,art,,
58,26,3000,art,,
57,31,5000,art,,
46,41,1000,adventure,,
39,41,5000,fine dining,,
21,45,5000,adventure,,
53,20,3000,cafe,,
55,31,5000,cafe,,
35,28,1000,cafe,,
45,27,3000,cafe,,
50,12,10000,cafe,,
32,11,2000,fine dining,,
41,28,1000,pub,,
21,39,3000,pub,,
32,28,5000,adventure,,
52,43,10000,cafe,,
20,31,2000,cafe,,
50,33,3000,cafe,,
50,16,3000,cafe,,
18,2,500,nature,,
28,13,2000,cafe,,
62,38,10000,cafe,,
46,18,5000,nature,,
21,31,1000,adventure,,
38,32,500,cafe,,
58,25,5000,fine dining,,
21,35,2000,cafe,,
32,46,2000,cafe,,
32,23,1000,fine dining,,
55,18,2000,pub,,
48,14,5000,cafe,,
49,16,500,resort,,
44,45,3000,cafe,,
42,38,10000,pub,,
42,30,500,adventure,,
33,35,500,nature,,
22,24,2000,cafe,,
59,10,1000,fine dining,,
42,16,5000,cafe,,
53,37,500,cafe,,
21,47,1000,cafe,,
37,25,2000,fine dining,,
33,24,500,adventure,,
44,39,1000,adventure,,
60,30,10000,cafe,,
49,21,500,cafe,,
22,43,3000,fine dining,,
19,2,3000,cafe,,
51,24,5000,fine dining,,
41,33,1000,art,,
32,25,3000,fine dining,,
48,32,1000,cafe,,
26,44,1000,nature,,
30,42,2000,cafe,,
49,10,3000,nature,,
40,41,3000,nature,,
27,31,1000,nature,,
57,22,5000,resort,,
25,39,10000,cafe,,
39,44,5000,pub,,
62,42,3000,adventure,,
48,17,5000,cafe,,
22,36,2000,cafe,,
19,2,2000,fine dining,,
43,36,500,resort,,
38,29,1000,resort,,
26,18,2000,resort,,
56,29,5000,resort,,
58,14,2000,cafe,,
53,24,1000,cafe,,
54,11,500,cafe,,
37,17,1000,resort,,
24,43,5000,pub,,
42,28,1000,art,,
37,8,10000,,,
40,38,10000,,,
45,35,10000,,,
23,17,2000,,,
34,32,2000,,,
46,49,5000,,,
22,43,10000,,,
53,7,1000,,,
33,35,2000,,,
44,49,1000,,,
51,47,1000,,,
45,33,3000,,,
31,42,2000,,,
41,36,5000,,,
35,20,10000,,,
31,11,500,,,
56,9,5000,,,
39,23,3000,,,
53,16,2000,,,
42,10,10000,,,
46,9,5000,,,
45,15,10000,,,
40,29,5000,,,
43,42,10000,,,
46,48,5000,,,
48,36,1000,,,
32,5,10000,,,
58,14,5000,,,
45,45,500,,,
27,15,1000,,,
42,35,10000,,,
23,4,5000,,,
51,6,10000,,,
44,34,10000,,,
49,7,1000,,,
53,40,5000,,,
34,38,500,,,
58,9,10000,,,
21,8,2000,,,
27,31,1000,,,
36,27,10000,,,
26,34,500,,,
44,36,5000,,,
52,11,10000,,,
47,22,3000,,,
36,31,3000,,,
55,37,10000,,,
44,22,3000,,,
27,35,1000,,,
38,14,500,,,
38,27,500,,,
27,23,1000,,,
21,14,10000,,,
45,24,3000,,,
40,7,2000,,,
53,46,3000,,,
21,10,1000,,,
30,26,500,,,
48,5,5000,,,
50,37,5000,,,
31,43,2000,,,
23,14,3000,,,
55,40,2000,,,
28,44,10000,,,
33,30,500,,,
56,5,500,,,
55,15,3000,,,
42,48,2000,,,
55,15,3000,,,
37,25,500,,,
27,30,2000,,,
24,18,10000,,,
49,44,5000,,,
24,24,10000,,,
32,44,500,,,
22,42,1000,,,
31,39,1000,,,
32,31,2000,,,
37,12,10000,,,
48,43,10000,,,
45,7,10000,,,
41,49,500,,,
30,30,1000,,,
33,40,500,,,
45,48,3000,,,
43,36,2000,,,
32,41,1000,,,
50,5,10000,,,
56,34,1000,,,
54,45,5000,,,
35,40,500,,,
55,6,2000,,,
31,30,1000,,,
33,9,1000,,,
21,44,1000,,,
38,30,10000,,,
57,49,5000,,,
21,29,1000,,,
48,30,500,,,
54,31,1000,,,
46,34,1000,,,
56,30,3000,,,
25,7,1000,,,
55,28,10000,,,
25,5,500,,,
47,37,5000,,,
33,42,2000,,,
53,41,10000,,,
41,35,1000,,,
51,18,1000,,,
23,44,500,,,
27,32,5000,,,
46,21,2000,,,
23,11,2000,,,
41,25,5000,,,
22,50,3000,,,
29,49,2000,,,
40,41,10000,,,
45,49,10000,,,
27,11,5000,,,
38,9,500,,,
43,16,10000,,,
58,7,5000,,,
52,4,10000,,,
43,18,2000,,,
54,17,5000,,,
40,14,2000,,,
37,11,3000,,,
49,43,1000,,,
52,42,1000,,,
27,35,500,,,
49,27,2000,,,
23,45,1000,,,
25,50,2000,,,
25,50,1000,,,
52,30,10000,,,
26,21,2000,,,
47,7,1000,,,
58,34,3000,,,
48,43,5000,,,
21,44,2000,,,
53,16,2000,,,
36,26,1000,,,
51,39,500,,,
57,40,2000,,,
42,8,2000,,,
39,36,5000,,,
55,5,1000,,,
48,34,3000,,,
41,17,1000,,,
36,25,10000,,,
21,24,10000,,,
45,12,500,,,
25,22,5000,,,
28,33,500,,,
38,28,10000,,,
46,24,2000,,,
48,43,3000,,,
31,45,10000,,,
50,31,3000,,,
36,48,3000,,,
26,9,10000,,,
39,17,2000,,,
55,17,3000,,,
48,48,2000,,,
25,15,10000,,,
50,42,3000,,,
57,11,2000,,,
57,12,500,,,
30,45,3000,,,
37,40,1000,,,
36,32,10000,,,
26,4,1000,,,
42,16,3000,,,
29,9,1000,,,
53,23,1000,,,
52,8,5000,,,
57,26,500,,,
44,48,1000,,,
31,44,5000,,,
35,19,5000,,,
24,18,2000,,,
39,30,2000,,,
36,24,10000,,,
37,4,3000,,,
30,42,500,,,
50,32,500,,,
29,40,500,,,
52,45,500,,,
29,7,1000,,,
45,38,5000,,,
54,14,10000,,,
44,44,10000,,,
34,42,1000,,,
43,41,3000,,,
25,31,1000,,,
21,35,2000,,,
47,31,5000,,,
21,20,500,,,
52,35,3000,,,
47,13,2000,,,
42,41,5000,,,
21,47,1000,,,
52,9,10000,,,
30,28,3000,,,
46,37,500,,,
47,44,5000,,,
47,17,5000,,,
21,50,1000,,,
56,47,5000,,,
55,39,5000,,,
27,40,10000,,,
46,37,1000,,,
58,48,1000,,,
31,44,500,,,
58,12,3000,,,
45,29,1000,,,
48,46,3000,,,
51,21,2000,,,
47,18,10000,,,
51,5,10000,,,
31,29,5000,,,
40,12,2000,,,
44,35,10000,,,
49,27,500,,,
41,31,10000,,,
52,4,1000,,,
55,5,3000,,,
44,7,10000,,,
35,7,1000,,,
50,24,1000,,,
46,8,1000,,,
26,9,3000,,,
58,34,500,,,
37,45,1000,,,
46,9,3000,,,
53,32,500,,,
30,31,2000,,,
35,30,2000,,,
52,18,500,,,
38,43,10000,,,
44,41,2000,,,
38,45,1000,,,
24,13,5000,,,
58,21,1000,,,
53,28,3000,,,
54,12,1000,,,
58,14,2000,,,
45,29,500,,,
30,16,1000,,,
35,22,10000,,,
50,41,500,,,
27,11,500,,,
24,25,2000,,,
53,8,2000,,,
48,24,1000,,,
41,44,500,,,
31,17,1000,,,
52,37,500,,,
27,36,10000,,,
43,23,10000,,,
37,15,2000,,,
47,17,1000,,,
49,40,5000,,,
44,7,3000,,,
53,7,1000,,,
56,33,5000,,,
58,34,10000,,,
43,37,1000,,,
34,18,10000,,,
40,11,2000,,,
56,22,3000,,,
44,18,5000,,,
45,42,5000,,,
49,18,5000,,,
55,36,500,,,
29,25,1000,,,
58,23,5000,,,
58,44,3000,,,
24,44,10000,,,
56,40,1000,,,
44,23,5000,,,
21,26,2000,,,
31,33,500,,,
30,22,500,,,
57,34,1000,,,
55,19,5000,,,
37,47,1000,,,
34,31,1000,,,
33,46,2000,,,
46,42,5000,,,
56,18,10000,,,
26,6,5000,,,
25,26,5000,,,
44,47,5000,,,
37,26,10000,,,
49,6,5000,,,
36,11,10000,,,
25,14,5000,,,
22,15,500,,,
23,15,500,,,
42,39,500,,,
31,27,3000,,,
49,4,3000,,,
58,10,10000,,,
22,42,1000,,,
51,36,500,,,
43,25,3000,,,
35,28,10000,,,
56,14,5000,,,
51,11,10000,,,
44,7,2000,,,
51,25,10000,,,
57,29,500,,,
23,41,1000,,,
35,8,1000,,,
54,30,500,,,
34,25,10000,,,
55,45,3000,,,
57,30,1000,,,
21,21,5000,,,
49,32,10000,,,
36,49,1000,,,
29,37,2000,,,
29,40,10000,,,
45,11,10000,,,
52,24,2000,,,
23,9,3000,,,
40,14,2000,,,
44,23,500,,,
30,8,5000,,,
36,15,500,,,
46,18,500,,,
50,17,2000,,,
26,43,2000,,,
58,30,2000,,,
56,48,500,,,
55,5,500,,,
21,10,3000,,,
47,49,3000,,,
58,22,1000,,,
36,12,2000,,,
23,49,500,,,
35,19,10000,,,
47,19,3000,,,
56,32,500,,,
36,8,500,,,
24,40,3000,,,
45,40,1000,,,
36,23,2000,,,
47,30,3000,,,
33,39,5000,,,
25,15,10000,,,
28,46,500,,,
37,36,2000,,,
21,46,5000,,,
46,37,2000,,,
35,50,3000,,,
28,5,1000,,,
55,49,500,,,
24,47,1000,,,
40,31,2000,,,
24,18,10000,,,
33,34,500,,,
42,46,5000,,,
43,12,3000,,,
52,32,10000,,,
54,11,3000,,,
36,5,500,,,
44,21,5000,,,
48,40,1000,,,
36,23,3000,,,
56,15,1000,,,
28,48,5000,,,
33,25,500,,,
47,9,5000,,,
23,14,3000,,,
37,50,10000,,,
32,41,500,,,
27,14,10000,,,
56,36,5000,,,
27,38,500,,,
58,22,2000,,,
41,45,10000,,,
50,48,10000,,,
40,12,5000,,,
27,23,3000,,,
43,41,500,,,
21,44,1000,,,
39,13,3000,,,
45,23,3000,,,
49,25,2000,,,
34,18,3000,,,
55,9,2000,,,
36,32,5000,,,
30,20,1000,,,
50,19,2000,,,
39,46,500,,,
25,19,2000,,,
54,40,2000,,,
24,40,3000,,,
44,9,1000,,,
40,48,2000,,,
27,48,500,,,
25,23,3000,,,
39,9,5000,,,
29,31,3000,,,
39,31,10000,,,
57,20,1000,,,
45,14,3000,,,
43,40,1000,,,
43,47,3000,,,
28,35,3000,,,
44,46,5000,,,
55,38,10000,,,
36,9,10000,,,
43,9,3000,,,
45,14,3000,,,
33,47,1000,,,
39,26,10000,,,
54,26,10000,,,
45,28,10000,,,
27,16,500,,,
30,17,500,,,
52,23,1000,,,
41,19,3000,,,
22,15,1000,,,
53,11,2000,,,
56,14,3000,,,
40,46,10000,,,
55,34,500,,,
44,19,10000,,,
23,15,1000,,,
57,19,500,,,
22,31,1000,,,
32,33,3000,,,
53,37,10000,,,
44,46,10000,,,
36,27,5000,,,
46,12,3000,,,
50,17,2000,,,
25,21,10000,,,
29,13,5000,,,
23,39,1000,,,
21,32,1000,,,
37,43,3000,,,
28,6,5000,,,
44,11,3000,,,
58,46,500,,,
22,32,1000,,,
41,8,1000,,,
49,26,3000,,,
37,35,1000,,,
26,41,500,,,
43,16,10000,,,
32,15,500,,,
56,47,5000,,,
53,41,1000,,,
47,36,2000,,,
55,48,10000,,,
46,43,5000,,,
23,44,1000,,,
36,32,10000,,,
30,15,500,,,
25,26,2000,,,
58,45,3000,,,
39,11,2000,,,
34,36,1000,,,
37,42,1000,,,
51,13,1000,,,
51,23,500,,,
54,48,5000,,,
31,19,10000,,,
45,11,3000,,,
26,19,500,,,
23,18,1000,,,
54,13,2000,,,
34,47,3000,,,
43,29,1000,,,
23,27,3000,,,
22,49,10000,,,
24,44,10000,,,
46,35,3000,,,
30,30,5000,,,
57,11,500,,,
30,43,3000,,,
47,15,10000,,,
45,39,10000,,,
44,13,500,,,
58,33,1000,,,
53,25,5000,,,
34,44,500,,,
29,13,3000,,,
42,50,10000,,,
58,18,5000,,,
53,33,3000,,,
26,7,2000,,,
24,42,10000,,,
26,48,1000,,,
23,49,1000,,,
52,45,10000,,,
27,48,10000,,,
34,28,10000,,,
35,12,1000,,,
46,39,500,,,
25,32,3000,,,
49,20,10000,,,
26,10,3000,,,
47,16,3000,,,
55,12,500,,,
53,15,1000,,,
36,42,10000,,,
36,50,1000,,,
53,22,10000,,,
45,5,10000,,,
26,20,1000,,,
48,31,500,,,
58,10,3000,,,
24,45,500,,,
46,49,10000,,,
24,44,10000,,,
35,8,2000,,,
29,44,500,,,
41,35,3000,,,
57,41,10000,,,
41,15,10000,,,
31,17,10000,,,
49,13,2000,,,
37,17,1000,,,
26,30,2000,,,
53,33,2000,,,
35,7,5000,,,
29,13,500,,,
32,16,1000,,,
30,6,1000,,,
25,19,10000,,,
56,35,2000,,,
41,31,10000,,,
43,27,2000,,,
56,4,2000,,,
27,44,5000,,,
49,50,5000,,,
45,21,500,,,
22,13,10000,,,
27,12,1000,,,
51,22,1000,,,
57,32,2000,,,
57,33,10000,,,
29,11,2000,,,
54,27,2000,,,
33,33,5000,,,
33,50,1000,,,
33,22,3000,,,
25,13,2000,,,
25,5,5000,,,
22,41,1000,,,
55,49,500,,,
35,22,2000,,,
33,34,5000,,,
29,27,500,,,
32,14,2000,,,
50,34,10000,,,
45,20,10000,,,
50,6,1000,,,
37,49,10000,,,
54,12,5000,,,
32,8,2000,,,
27,9,500,,,
40,4,10000,,,
32,7,500,,,
22,7,5000,,,
51,26,3000,,,
57,9,500,,,
22,12,5000,,,
24,26,10000,,,
45,47,5000,,,
25,23,2000,,,
29,14,5000,,,
33,36,1000,,,
43,49,3000,,,
57,44,1000,,,
40,10,10000,,,
29,44,5000,,,
35,15,3000,,,
22,29,5000,,,
22,35,3000,,,
36,42,1000,,,
29,25,2000,,,
25,8,500,,,
45,36,5000,,,
24,10,2000,,,
49,49,10000,,,
25,45,2000,,,
27,4,1000,,,
57,33,500,,,
58,19,10000,,,
47,43,2000,,,
43,19,1000,,,
25,23,10000,,,
24,15,3000,,,
28,7,5000,,,
34,18,3000,,,
44,45,1000,,,
29,48,500,,,
46,25,500,,,
54,14,10000,,,
44,9,500,,,
21,12,500,,,
35,16,2000,,,
57,17,500,,,
34,41,500,,,
53,14,2000,,,
32,24,3000,,,
29,17,3000,,,
50,40,500,,,
31,29,2000,,,
44,41,5000,,,
38,32,500,,,
38,46,3000,,,
43,7,10000,,,
46,10,500,,,
46,39,5000,,,
54,42,500,,,
44,7,10000,,,
27,5,2000,,,
35,37,5000,,,
48,25,3000,,,
57,4,500,,,
48,39,1000,,,
58,34,3000,,,
56,37,2000,,,
24,31,1000,,,
30,9,1000,,,
24,41,10000,,,
55,35,3000,,,
21,18,10000,,,
23,43,5000,,,
37,17,500,,,
42,27,5000,,,
39,46,3000,,,
32,10,5000,,,
23,22,10000,,,
21,29,10000,,,
46,15,1000,,,
31,34,3000,,,
47,12,5000,,,
26,43,5000,,,
47,33,2000,,,
38,32,2000,,,
35,21,10000,,,
46,11,1000,,,
36,38,500,,,
32,27,3000,,,
29,36,3000,,,
42,29,1000,,,
46,40,1000,,,
21,17,5000,,,
53,16,1000,,,
26,15,500,,,
39,44,3000,,,
24,4,500,,,
34,19,2000,,,
40,8,500,,,
23,34,3000,,,
50,36,10000,,,
58,41,5000,,,
38,33,500,,,
34,31,500,,,
38,48,3000,,,
55,40,500,,,
30,23,5000,,,
51,20,10000,,,
27,20,3000,,,
27,23,10000,,,
30,34,2000,,,
24,8,10000,,,
33,38,1000,,,
52,11,5000,,,
46,7,3000,,,
21,34,1000,,,
36,21,500,,,
49,34,5000,,,
56,35,1000,,,
26,32,3000,,,
43,11,1000,,,
35,34,5000,,,
57,31,10000,,,
29,39,10000,,,
25,43,1000,,,
28,42,5000,,,
22,39,5000,,,
26,23,3000,,,
44,20,5000,,,
53,11,2000,,,
42,36,3000,,,
47,17,5000,,,
36,23,5000,,,
24,42,5000,,,
32,44,2000,,,
47,18,500,,,
25,40,1000,,,
43,19,2000,,,
26,40,5000,,,
51,33,2000,,,
27,18,10000,,,
33,43,1000,,,
35,42,1000,,,
28,12,1000,,,
21,32,5000,,,
38,18,5000,,,
50,42,5000,,,
44,46,1000,,,
52,28,10000,,,
23,28,3000,,,
40,29,2000,,,
36,45,3000,,,
29,31,500,,,
43,17,3000,,,
56,33,1000,,,
27,19,10000,,,
39,34,3000,,,
25,20,500,,,
56,43,2000,,,
23,39,500,,,
55,36,1000,,,
26,29,500,,,
28,47,10000,,,
53,16,1000,,,
44,22,1000,,,
35,39,2000,,,
21,19,1000,,,
58,11,3000,,,
29,29,1000,,,
53,17,1000,,,
52,18,500,,,
53,33,1000,,,
47,38,1000,,,
30,23,10000,,,
26,40,2000,,,
37,28,1000,,,
45,29,1000,,,
51,15,500,,,
22,12,5000,,,
42,6,3000,,,
39,29,1000,,,
28,31,5000,,,
33,6,500,,,
22,41,1000,,,
51,34,3000,,,
25,15,2000,,,
58,38,2000,,,
32,40,3000,,,
50,33,5000,,,
51,13,2000,,,
27,24,2000,,,
43,10,5000,,,
50,5,500,,,
41,47,3000,,,
48,8,1000,,,
48,8,5000,,,
48,5,10000,,,
34,27,3000,,,
58,25,2000,,,
27,9,3000,,,
34,40,2000,,,
41,39,1000,,,
31,24,5000,,,
31,32,5000,,,
34,9,500,,,
24,38,5000,,,
53,24,5000,,,
43,16,10000,,,
27,45,5000,,,
52,50,5000,,,
22,23,5000,,,
48,31,2000,,,
41,21,2000,,,
40,10,500,,,
52,45,1000,,,
42,32,10000,,,
25,24,1000,,,
27,43,1000,,,
54,27,2000,,,
32,17,2000,,,
36,44,500,,,
21,7,3000,,,
35,10,1000,,,
46,42,1000,,,
29,12,5000,,,
32,19,10000,,,
43,15,5000,,,
31,14,500,,,
47,17,1000,,,
24,30,500,,,
55,19,2000,,,
26,28,10000,,,
54,33,3000,,,
24,28,10000,,,
42,20,2000,,,
53,4,3000,,,
48,20,5000,,,
57,37,5000,,,
32,32,10000,,,
27,46,10000,,,
44,7,5000,,,
35,31,3000,,,
21,29,5000,,,
38,13,2000,,,
24,49,10000,,,
31,45,10000,,,
41,45,10000,,,
34,14,5000,,,
52,20,500,,,
23,7,1000,,,
27,10,2000,,,
58,5,500,,,
57,36,3000,,,
28,22,1000,,,
25,15,500,,,
37,11,1000,,,
21,50,5000,,,
27,45,3000,,,
27,38,3000,,,
32,28,5000,,,
25,38,2000,,,
57,46,500,,,
53,12,5000,,,
45,36,10000,,,
39,24,2000,,,
49,45,1000,,,
41,26,3000,,,
52,24,500,,,
48,21,5000,,,
54,44,2000,,,
53,27,1000,,,
51,41,10000,,,
45,26,1000,,,
48,5,10000,,,
37,39,500,,,
25,46,5000,,,
56,16,1000,,,
58,19,1000,,,
51,30,500,,,
25,18,10000,,,
24,17,500,,,
23,13,1000,,,
37,32,1000,,,
55,44,1000,,,
44,40,500,,,
23,33,5000,,,
29,40,1000,,,
32,19,5000,,,
30,14,500,,,
58,7,3000,,,
54,45,1000,,,
43,35,500,,,
55,10,5000,,,
34,5,5000,,,
38,50,10000,,,
49,29,1000,,,
36,35,10000,,,
25,13,500,,,
47,4,5000,,,
28,47,500,,,
29,9,1000,,,
26,42,10000,,,
39,42,2000,,,
34,33,2000,,,
47,41,5000,,,
29,6,2000,,,
48,50,1000,,,
21,48,500,,,
22,26,2000,,,
56,28,500,,,
46,4,1000,,,
22,20,3000,,,
23,7,500,,,
27,38,500,,,
38,13,5000,,,
43,33,3000,,,
41,16,2000,,,
23,23,5000,,,
22,46,1000,,,
50,10,3000,,,
27,44,500,,,
37,25,500,,,
46,50,500,,,
41,44,5000,,,
37,41,3000,,,
32,26,3000,,,
30,17,2000,,,
54,18,500,,,
49,23,1000,,,
41,36,10000,,,
28,50,5000,,,
48,50,5000,,,
35,49,2000,,,
33,34,10000,,,
54,5,10000,,,
23,16,10000,,,
30,20,1000,,,
47,45,5000,,,
35,14,3000,,,
49,17,3000,,,
38,21,2000,,,
35,41,1000,,,
31,46,5000,,,
53,23,2000,,,
51,19,1000,,,
21,20,2000,,,
31,15,5000,,,
34,38,1000,,,
24,43,500,,,
57,16,3000,,,
41,26,5000,,,
40,17,1000,,,
43,26,500,,,
37,45,10000,,,
54,36,2000,,,
33,5,2000,,,
54,7,1000,,,
51,14,5000,,,
23,31,2000,,,
45,41,2000,,,
30,26,10000,,,
27,14,1000,,,
57,23,1000,,,
38,12,2000,,,
24,21,2000,,,
26,48,5000,,,
32,5,500,,,
46,48,3000,,,
28,4,2000,,,
45,17,3000,,,
32,29,2000,,,
28,43,1000,,,
51,25,2000,,,
37,45,5000,,,
26,16,3000,,,
52,29,10000,,,
34,6,3000,,,
39,29,500,,,
48,46,3000,,,
21,28,500,,,
50,18,2000,,,
57,21,500,,,
30,10,10000,,,
30,5,500,,,
44,26,3000,,,
25,4,500,,,
48,30,3000,,,
22,10,500,,,
43,22,10000,,,
32,5,5000,,,
48,40,5000,,,
36,14,500,,,
37,14,3000,,,
25,4,5000,,,
55,49,500,,,
44,37,500,,,
44,33,1000,,,
24,32,2000,,,
48,29,5000,,,
38,43,10000,,,
32,12,500,,,
54,7,3000,,,
34,23,10000,,,
33,36,5000,,,
58,21,500,,,
54,43,500,,,
24,10,500,,,
22,34,5000,,,
49,32,500,,,
42,17,5000,,,
27,4,1000,,,
27,41,500,,,
41,9,10000,,,
52,10,10000,,,
30,28,5000,,,
35,11,5000,,,
39,40,500,,,
48,41,500,,,
38,12,10000,,,
38,48,10000,,,
37,10,1000,,,
49,5,1000,,,
37,22,500,,,
45,28,5000,,,
31,18,1000,,,
51,5,10000,,,
55,6,10000,,,
53,8,1000,,,
51,48,2000,,,
27,44,5000,,,
42,49,10000,,,
43,32,10000,,,
29,30,500,,,
52,30,1000,,,
47,11,500,,,
22,36,2000,,,
53,5,10000,,,
50,16,3000,,,
21,13,1000,,,
40,36,3000,,,
25,21,500,,,
53,15,1000,,,
39,49,1000,,,
56,7,5000,,,
33,40,10000,,,
28,16,10000,,,
56,32,1000,,,
54,47,10000,,,
52,40,10000,,,
25,39,500,,,
43,14,10000,,,
35,34,2000,,,
36,23,10000,,,
57,10,2000,,,
29,34,3000,,,
45,44,2000,,,
38,18,3000,,,
32,12,1000,,,
21,14,2000,,,
53,6,500,,,
28,23,3000,,,
29,5,5000,,,
39,42,500,,,
51,10,2000,,,
33,37,2000,,,
45,28,10000,,,
39,41,500,,,
53,8,3000,,,
58,15,2000,,,
39,40,2000,,,
25,47,1000,,,
39,14,2000,,,
25,40,3000,,,
32,45,2000,,,
32,38,500,,,
22,31,500,,,
22,30,500,,,
56,20,10000,,,
47,11,3000,,,
24,38,10000,,,
32,32,10000,,,
45,42,3000,,,
29,50,5000,,,
52,20,500,,,
32,32,5000,,,
48,4,10000,,,
41,38,1000,,,
43,46,5000,,,
31,24,3000,,,
40,27,3000,,,
45,19,3000,,,
39,31,10000,,,
34,35,2000,,,
46,45,500,,,
54,50,500,,,
36,19,3000,,,
22,4,10000,,,
39,9,500,,,
44,25,3000,,,
50,7,500,,,
51,24,1000,,,
28,33,500,,,
47,4,1000,,,
34,36,10000,,,
57,12,2000,,,
53,11,3000,,,
34,16,500,,,
45,12,3000,,,
35,46,1000,,,
29,29,5000,,,
33,28,10000,,,
50,37,3000,,,
53,48,1000,,,
36,31,5000,,,
51,26,2000,,,
23,34,2000,,,
41,15,1000,,,
34,49,3000,,,
53,41,2000,,,
26,22,1000,,,
57,38,3000,,,
21,42,2000,,,
36,16,5000,,,
27,11,2000,,,
24,7,10000,,,
50,27,3000,,,
54,48,5000,,,
27,25,500,,,
57,11,2000,,,
49,18,5000,,,
48,35,1000,,,
28,50,3000,,,
58,22,1000,,,
43,23,2000,,,
40,7,5000,,,
24,19,10000,,,
29,43,5000,,,
32,11,2000,,,
34,40,10000,,,
50,40,10000,,,
25,18,5000,,,
58,12,5000,,,
44,10,1000,,,
41,49,2000,,,
28,10,500,,,
40,48,5000,,,
55,39,2000,,,
22,19,2000,,,
56,47,2000,,,
53,29,5000,,,
51,21,2000,,,
37,7,1000,,,
50,24,10000,,,
32,7,500,,,
45,29,10000,,,
30,6,500,,,
55,45,500,,,
47,31,5000,,,
57,34,1000,,,
24,6,1000,,,
33,25,1000,,,
56,37,3000,,,
29,48,5000,,,
43,7,1000,,,
33,48,500,,,
31,9,5000,,,
55,43,5000,,,
39,35,3000,,,
45,35,2000,,,
30,7,2000,,,
40,17,2000,,,
26,46,500,,,
24,17,2000,,,
47,25,500,,,
21,20,1000,,,
49,27,2000,,,
27,31,1000,,,
51,12,1000,,,
40,8,3000,,,
36,33,3000,,,
37,20,2000,,,
43,8,3000,,,
54,19,3000,,,
57,5,500,,,
58,22,5000,,,
41,21,3000,,,
29,21,1000,,,
29,31,1000,,,
38,22,3000,,,
39,44,2000,,,
44,49,10000,,,
30,21,10000,,,
36,24,5000,,,
50,42,500,,,
26,10,2000,,,
52,14,10000,,,
55,24,500,,,
24,13,10000,,,
31,8,1000,,,
46,15,3000,,,
42,27,500,,,
54,41,500,,,
41,6,1000,,,
44,22,2000,,,
58,44,10000,,,
49,17,2000,,,
33,50,1000,,,
48,41,2000,,,
48,36,3000,,,
41,42,2000,,,
35,45,5000,,,
53,48,5000,,,
34,21,5000,,,
34,48,1000,,,
55,46,500,,,
55,8,1000,,,
40,11,10000,,,
46,7,1000,,,
36,15,10000,,,
52,35,1000,,,
57,43,1000,,,
47,21,1000,,,
52,50,3000,,,
55,23,3000,,,
47,6,2000,,,
50,14,10000,,,
52,27,500,,,
58,12,2000,,,
51,41,500,,,
31,45,5000,,,
50,48,10000,,,
53,36,3000,,,
24,39,10000,,,
33,48,500,,,
26,22,5000,,,
57,49,500,,,
34,18,10000,,,
38,40,5000,,,
43,19,10000,,,
41,4,3000,,,
30,4,2000,,,
24,29,500,,,
52,13,3000,,,
48,42,5000,,,
53,23,1000,,,
33,35,500,,,
50,8,5000,,,
43,30,2000,,,
45,45,1000,,,
52,24,5000,,,
56,34,5000,,,
48,31,500,,,
21,23,10000,,,
44,22,5000,,,
51,42,3000,,,
54,44,3000,,,
50,21,5000,,,
24,39,500,,,
32,14,5000,,,
52,50,3000,,,
26,23,500,,,
44,33,10000,,,
43,31,2000,,,
56,17,2000,,,
28,50,3000,,,
22,32,2000,,,
27,15,500,,,
57,11,3000,,,
49,37,10000,,,
26,22,500,,,
43,9,3000,,,
35,27,1000,,,
37,11,3000,,,
45,28,2000,,,
38,38,1000,,,
52,35,1000,,,
50,50,5000,,,
58,35,1000,,,
56,44,3000,,,
29,20,2000,,,
27,33,10000,,,
47,14,5000,,,
44,17,5000,,,
21,13,10000,,,
37,27,2000,,,
45,21,500,,,
54,38,5000,,,
54,12,2000,,,
26,43,1000,,,
54,25,2000,,,
57,36,3000,,,
33,27,10000,,,
56,32,10000,,,
24,19,1000,,,
37,26,5000,,,
46,4,500,,,
23,27,10000,,,
43,23,5000,,,
27,48,1000,,,
25,48,1000,,,
46,14,3000,,,
26,34,10000,,,
30,6,2000,,,
32,45,1000,,,
48,33,10000,,,
41,45,1000,,,
29,36,2000,,,
58,32,500,,,
48,26,500,,,
35,18,500,,,
46,21,1000,,,
39,14,5000,,,
51,48,2000,,,
56,49,1000,,,
47,37,1000,,,
41,26,3000,,,
31,35,5000,,,
58,7,5000,,,
54,7,500,,,
24,37,1000,,,
32,27,3000,,,
46,40,1000,,,
52,28,10000,,,
22,21,2000,,,
50,36,500,,,
42,11,10000,,,
47,13,5000,,,
40,6,5000,,,
42,24,500,,,
53,5,500,,,
38,30,5000,,,
23,24,5000,,,
24,35,2000,,,
34,33,3000,,,
22,37,1000,,,
52,42,3000,,,
53,35,3000,,,
53,4,10000,,,
21,43,3000,,,
48,38,3000,,,
36,38,2000,,,
32,7,3000,,,
47,46,500,,,
22,8,1000,,,
33,37,3000,,,
40,20,1000,,,
51,10,500,,,
55,18,2000,,,
28,42,10000,,,
47,9,500,,,
26,48,3000,,,
33,38,3000,,,
35,31,3000,,,
54,8,1000,,,
42,9,500,,,
43,27,500,,,
48,12,3000,,,
51,50,1000,,,
57,34,2000,,,
27,15,5000,,,
58,25,500,,,
54,12,5000,,,
39,44,5000,,,
52,28,2000,,,
29,24,5000,,,
22,48,5000,,,
30,4,500,,,
57,15,5000,,,
28,32,500,,,
55,16,1000,,,
49,40,10000,,,
29,5,500,,,
46,49,3000,,,
56,40,10000,,,
36,16,10000,,,
42,42,1000,,,
34,50,3000,,,
21,46,500,,,
35,32,500,,,
42,11,2000,,,
41,34,5000,,,
53,17,500,,,
29,14,5000,,,
23,33,2000,,,
30,27,500,,,
27,18,500,,,
23,5,5000,,,
39,41,1000,,,
41,27,10000,,,
23,50,2000,,,
21,46,10000,,,
41,46,2000,,,
35,7,3000,,,
34,20,1000,,,
56,29,10000,,,
47,36,10000,,,
24,13,500,,,
52,19,3000,,,
58,25,5000,,,
29,31,10000,,,
36,27,1000,,,
57,22,5000,,,
33,6,1000,,,
56,24,5000,,,
54,41,10000,,,
29,40,10000,,,
58,41,10000,,,
47,13,1000,,,
58,6,2000,,,
49,10,1000,,,
21,47,5000,,,
42,44,10000,,,
38,28,5000,,,
30,10,3000,,,
49,47,2000,,,
46,32,5000,,,
34,41,10000,,,
25,7,3000,,,
21,28,10000,,,
57,38,10000,,,
58,44,10000,,,
33,21,500,,,
53,34,3000,,,
29,38,3000,,,
44,33,500,,,
52,26,3000,,,
27,15,1000,,,
39,8,10000,,,
57,45,5000,,,
34,40,5000,,,
42,29,3000,,,
41,5,3000,,,
26,30,500,,,
54,40,2000,,,
35,8,10000,,,
21,28,5000,,,
55,39,10000,,,
22,44,10000,,,
39,39,500,,,
55,50,1000,,,
34,16,3000,,,
57,6,1000,,,
28,17,5000,,,
26,31,3000,,,
34,29,2000,,,
52,7,5000,,,
26,22,500,,,
35,23,10000,,,
25,12,1000,,,
21,5,10000,,,
58,43,1000,,,
24,27,2000,,,
31,27,10000,,,
37,7,3000,,,
40,33,1000,,,
47,24,3000,,,
35,17,5000,,,
37,20,3000,,,
39,43,500,,,
51,40,500,,,
47,17,10000,,,
40,48,10000,,,
51,21,5000,,,
48,11,500,,,
56,15,10000,,,
47,32,3000,,,
23,46,500,,,
23,25,3000,,,
29,50,500,,,
46,50,1000,,,
56,45,10000,,,
22,25,2000,,,
27,14,3000,,,
55,5,3000,,,
38,27,1000,,,
21,33,2000,,,
23,28,1000,,,
33,12,3000,,,
47,41,500,,,
51,50,1000,,,
55,14,3000,,,
39,40,5000,,,
34,50,3000,,,
56,32,500,,,
45,27,3000,,,
28,17,2000,,,
23,50,2000,,,
53,21,500,,,
53,30,2000,,,
23,29,1000,,,
58,32,10000,,,
54,23,2000,,,
53,44,10000,,,
51,48,1000,,,
38,38,3000,,,
47,27,10000,,,
24,46,10000,,,
43,50,1000,,,
58,43,10000,,,
45,12,3000,,,
41,6,10000,,,
45,18,2000,,,
29,9,10000,,,
53,29,1000,,,
22,4,10000,,,
23,14,3000,,,
47,18,3000,,,
23,13,10000,,,
56,26,3000,,,
51,48,500,,,
43,5,500,,,
47,33,3000,,,
26,44,3000,,,
42,39,1000,,,
49,16,500,,,
33,15,3000,,,
27,15,10000,,,
44,26,3000,,,
46,14,500,,,
53,49,5000,,,
30,45,3000,,,
44,33,500,,,
37,49,500,,,
47,39,5000,,,
31,41,2000,,,
54,17,500,,,
28,49,10000,,,
34,16,500,,,
33,40,1000,,,
44,28,500,,,
22,40,10000,,,
57,41,2000,,,
50,48,3000,,,
55,41,500,,,
25,27,2000,,,
51,48,5000,,,
55,28,5000,,,
42,6,10000,,,
40,11,10000,,,
48,34,10000,,,
58,50,3000,,,
32,5,2000,,,
41,44,500,,,
43,49,3000,,,
28,18,1000,,,
50,45,2000,,,
22,33,5000,,,
43,7,10000,,,
33,16,3000,,,
32,33,1000,,,
26,37,500,,,
41,41,1000,,,
26,46,5000,,,
38,9,2000,,,
49,50,2000,,,
47,34,500,,,
22,49,500,,,
42,39,10000,,,
54,32,5000,,,
43,11,2000,,,
26,9,500,,,
55,17,5000,,,
51,10,1000,,,
35,39,1000,,,
40,20,10000,,,
29,38,3000,,,
25,42,10000,,,
46,15,5000,,,
40,37,2000,,,
49,25,2000,,,
57,30,5000,,,
33,44,1000,,,
32,25,3000,,,
32,29,500,,,
58,42,500,,,
56,9,500,,,
56,16,2000,,,
33,33,5000,,,
38,18,3000,,,
54,36,3000,,,
51,48,2000,,,
48,45,3000,,,
52,31,3000,,,
28,31,500,,,
57,9,500,,,
52,42,1000,,,
45,47,10000,,,
47,32,500,,,
21,26,500,,,
29,14,2000,,,
27,32,2000,,,
41,46,5000,,,
45,11,3000,,,
50,22,10000,,,
21,5,10000,,,
33,39,2000,,,
44,36,5000,,,
32,39,5000,,,
58,27,10000,,,
23,11,5000,,,
53,18,3000,,,
58,25,500,,,
58,6,10000,,,
43,14,500,,,
56,8,3000,,,
24,44,10000,,,
25,7,5000,,,
25,13,3000,,,
48,26,10000,,,
23,33,5000,,,
43,39,10000,,,
37,46,10000,,,
40,35,2000,,,
58,36,2000,,,
34,24,5000,,,
36,25,5000,,,
41,34,2000,,,
53,33,10000,,,
27,37,10000,,,
34,33,3000,,,
25,5,2000,,,
44,15,500,,,
24,25,10000,,,
33,50,5000,,,
36,42,2000,,,
56,11,2000,,,
46,46,1000,,,
40,25,5000,,,
30,14,3000,,,
52,27,500,,,
58,50,10000,,,
36,20,500,,,
36,28,5000,,,
47,31,5000,,,
38,38,1000,,,
27,8,5000,,,
56,26,5000,,,
34,20,500,,,
56,28,500,,,
39,24,2000,,,
54,46,500,,,
32,43,10000,,,
52,27,2000,,,
38,40,500,,,
57,20,5000,,,
35,30,10000,,,
40,24,1000,,,
35,13,1000,,,
29,31,3000,,,
42,4,5000,,,
39,41,3000,,,
43,50,2000,,,
36,14,5000,,,
41,48,5000,,,
47,27,2000,,,
33,39,500,,,
34,29,2000,,,
29,41,5000,,,
44,41,2000,,,
56,7,1000,,,
37,46,3000,,,
34,23,2000,,,
26,10,500,,,
24,20,2000,,,
57,18,5000,,,
21,13,2000,,,
40,29,3000,,,
54,14,5000,,,
34,15,2000,,,
56,8,1000,,,
37,15,500,,,
42,12,5000,,,
38,25,2000,,,
43,8,10000,,,
32,38,5000,,,
48,5,5000,,,
41,50,3000,,,
55,40,3000,,,
58,49,2000,,,
47,5,3000,,,
32,4,500,,,
48,20,3000,,,
39,44,1000,,,
57,13,3000,,,
50,46,10000,,,
23,26,1000,,,
22,17,1000,,,
37,45,5000,,,
22,19,10000,,,
58,17,10000,,,
25,28,1000,,,
51,48,3000,,,
57,24,3000,,,
36,34,10000,,,
31,16,500,,,
26,4,2000,,,
24,31,10000,,,
34,47,1000,,,
58,33,10000,,,
55,13,3000,,,
49,35,10000,,,
55,45,5000,,,
55,37,3000,,,
42,47,5000,,,
56,36,1000,,,
36,32,500,,,
32,50,2000,,,
27,7,2000,,,
42,39,1000,,,
39,13,10000,,,
44,39,5000,,,
30,25,5000,,,
47,44,3000,,,
34,47,1000,,,
27,38,2000,,,
25,34,10000,,,
27,43,1000,,,
40,32,3000,,,
55,49,5000,,,
21,37,500,,,
29,43,3000,,,
39,40,2000,,,
22,4,3000,,,
54,36,500,,,
40,36,10000,,,
22,6,1000,,,
50,40,5000,,,
37,7,1000,,,
55,14,2000,,,
29,46,500,,,
36,11,1000,,,
53,30,500,,,
21,35,5000,,,
42,12,500,,,
32,27,1000,,,
52,6,5000,,,
40,48,10000,,,
36,19,2000,,,
28,18,2000,,,
35,49,10000,,,
26,50,3000,,,
47,35,3000,,,
28,34,5000,,,
31,16,3000,,,
47,4,5000,,,
48,12,500,,,
31,27,5000,,,
31,23,2000,,,
35,15,10000,,,
54,28,2000,,,
39,47,2000,,,
34,24,3000,,,
56,45,3000,,,
42,20,10000,,,
26,46,5000,,,
44,6,2000,,,
22,48,1000,,,
36,14,1000,,,
56,30,3000,,,
37,11,5000,,,
54,42,3000,,,
58,21,3000,,,
27,18,1000,,,
28,22,5000,,,
45,15,500,,,
35,18,3000,,,
33,23,10000,,,
47,30,3000,,,
33,16,2000,,,
47,7,3000,,,
51,34,5000,,,
38,48,1000,,,
32,13,3000,,,
34,18,1000,,,
47,47,500,,,
32,46,10000,,,
56,28,2000,,,
57,11,1000,,,
47,30,3000,,,
36,13,3000,,,
27,16,10000,,,
46,49,3000,,,
36,31,3000,,,
33,35,10000,,,
36,17,3000,,,
36,34,5000,,,
45,11,10000,,,
35,15,3000,,,
46,49,500,,,
42,41,3000,,,
44,13,10000,,,
46,35,3000,,,
53,20,3000,,,
56,31,10000,,,
30,8,500,,,
23,7,10000,,,
26,38,2000,,,
51,40,5000,,,
43,6,2000,,,
51,39,2000,,,
47,46,1000,,,
50,8,500,,,
32,14,10000,,,
37,4,500,,,
28,28,10000,,,
43,33,5000,,,
43,37,10000,,,
22,25,500,,,
35,8,5000,,,
35,23,500,,,
42,22,5000,,,
57,37,10000,,,
54,45,1000,,,
28,47,3000,,,
50,19,3000,,,
50,34,1000,,,
52,17,1000,,,
43,39,5000,,,
28,31,10000,,,
42,33,1000,,,
42,47,10000,,,
23,43,1000,,,
40,30,5000,,,
44,17,500,,,
31,28,5000,,,
45,43,500,,,
48,48,1000,,,
26,47,5000,,,
21,25,3000,,,
23,46,10000,,,
49,12,500,,,
52,15,500,,,
27,31,3000,,,
23,38,10000,,,
38,24,10000,,,
53,22,1000,,,
42,15,5000,,,
51,32,10000,,,
21,45,2000,,,
36,13,10000,,,
41,44,1000,,,
34,5,2000,,,
45,4,3000,,,
57,24,3000,,,
34,43,1000,,,
52,9,5000,,,
54,45,1000,,,
36,27,1000,,,
36,7,10000,,,
34,19,500,,,
38,31,1000,,,
28,35,5000,,,
35,8,10000,,,
36,7,1000,,,
51,33,2000,,,
32,48,1000,,,
30,10,3000,,,
51,24,2000,,,
51,45,1000,,,
56,25,1000,,,
35,50,3000,,,
29,30,10000,,,
45,35,2000,,,
48,24,2000,,,
47,19,10000,,,
24,7,3000,,,
24,48,10000,,,
49,40,5000,,,
40,20,10000,,,
37,6,10000,,,
34,46,3000,,,
49,50,1000,,,
29,24,2000,,,
56,32,500,,,
44,50,5000,,,
25,25,1000,,,
49,16,2000,,,
41,40,500,,,
43,12,3000,,,
55,40,3000,,,
56,18,10000,,,
36,30,500,,,
31,14,2000,,,
50,44,10000,,,
35,36,500,,,
26,50,3000,,,
38,43,3000,,,
50,28,10000,,,
31,31,3000,,,
29,5,1000,,,
53,22,2000,,,
54,5,1000,,,
26,35,1000,,,
31,5,1000,,,
54,5,3000,,,
44,33,3000,,,
35,23,2000,,,
38,12,3000,,,
39,24,2000,,,
57,31,2000,,,
55,18,500,,,
34,36,500,,,
37,9,1000,,,
43,48,3000,,,
42,21,500,,,
35,29,5000,,,
24,6,3000,,,
44,38,500,,,
44,36,5000,,,
39,15,1000,,,
50,41,5000,,,
53,44,10000,,,
58,43,5000,,,
46,17,500,,,
36,29,5000,,,
32,40,3000,,,
54,9,500,,,
37,30,10000,,,
27,45,500,,,
22,48,1000,,,
27,7,1000,,,
46,11,500,,,
35,37,10000,,,
43,41,5000,,,
42,8,5000,,,
22,35,10000,,,
52,26,3000,,,
43,23,3000,,,
45,11,2000,,,
28,13,500,,,
55,7,3000,,,
32,22,1000,,,
44,11,10000,,,
46,39,10000,,,
45,18,10000,,,
22,8,5000,,,
46,9,5000,,,
52,24,2000,,,
53,30,10000,,,
58,31,3000,,,
35,39,10000,,,
54,29,10000,,,
47,40,500,,,
36,9,1000,,,
49,50,2000,,,
23,33,10000,,,
23,28,3000,,,
55,4,1000,,,
21,26,500,,,
25,27,5000,,,
55,50,3000,,,
28,11,10000,,,
22,21,500,,,
41,37,1000,,,
29,17,500,,,
44,7,5000,,,
51,28,3000,,,
23,31,1000,,,
52,11,500,,,
48,38,10000,,,
40,9,3000,,,
36,21,3000,,,
47,12,1000,,,
25,48,5000,,,
43,25,2000,,,
36,19,500,,,
21,19,3000,,,
47,30,1000,,,
50,13,1000,,,
47,47,3000,,,
37,9,2000,,,
44,11,5000,,,
25,49,3000,,,
36,42,1000,,,
57,42,2000,,,
25,21,3000,,,
40,50,3000,,,
39,46,3000,,,
25,15,3000,,,
43,28,5000,,,
32,30,10000,,,
49,28,3000,,,
37,14,10000,,,
44,34,5000,,,
54,26,3000,,,
32,38,1000,,,
53,42,10000,,,
42,26,3000,,,
30,8,1000,,,
56,40,5000,,,
35,35,2000,,,
46,8,1000,,,
21,9,2000,,,
43,9,10000,,,
48,50,2000,,,
36,32,1000,,,
34,25,2000,,,
23,39,10000,,,
28,28,5000,,,
40,29,1000,,,
38,17,1000,,,
31,12,3000,,,
51,13,2000,,,
39,42,2000,,,
47,30,3000,,,
56,26,2000,,,
43,6,1000,,,
47,49,5000,,,
23,31,3000,,,
39,45,1000,,,
29,21,500,,,
35,13,5000,,,
52,34,3000,,,
56,19,1000,,,
54,13,500,,,
38,4,10000,,,
52,22,1000,,,
32,37,1000,,,
51,25,500,,,
40,22,5000,,,
45,26,5000,,,
48,48,1000,,,
41,22,3000,,,
23,13,3000,,,
42,45,3000,,,
28,11,500,,,
51,14,3000,,,
48,29,2000,,,
35,41,3000,,,
42,9,3000,,,
40,5,500,,,
25,32,500,,,
43,30,5000,,,
34,38,5000,,,
57,18,3000,,,
44,24,3000,,,
